[0m11:29:42.899657 [debug] [MainThread]: Sending event: {'category': 'dbt', 'action': 'invocation', 'label': 'start', 'context': [<snowplow_tracker.self_describing_json.SelfDescribingJson object at 0x78ee2aa19070>, <snowplow_tracker.self_describing_json.SelfDescribingJson object at 0x78ee28a472c0>, <snowplow_tracker.self_describing_json.SelfDescribingJson object at 0x78ee27d7ad80>]}


============================== 11:29:42.903959 | 32f17b8c-839c-4d88-9570-9b8405d628fc ==============================
[0m11:29:42.903959 [info ] [MainThread]: Running with dbt=1.11.11
[0m11:29:42.904615 [debug] [MainThread]: running dbt with arguments {'partial_parse': 'True', 'warn_error_options': 'WarnErrorOptionsV2(error=[], warn=[], silence=[])', 'target_path': 'None', 'fail_fast': 'False', 'use_colors': 'True', 'write_json': 'True', 'no_print': 'None', 'warn_error': 'None', 'cache_selected_only': 'False', 'use_experimental_parser': 'False', 'invocation_command': 'dbt debug', 'introspect': 'True', 'indirect_selection': 'eager', 'version_check': 'True', 'debug': 'False', 'log_format': 'default', 'profiles_dir': '/home/ffkhr/Documents/nusacode-de-beginner/pertemuan-05-06-dbt', 'printer_width': '80', 'quiet': 'False', 'log_path': '/home/ffkhr/Documents/nusacode-de-beginner/pertemuan-05-06-dbt/logs', 'send_anonymous_usage_stats': 'True', 'static_parser': 'True', 'empty': 'None', 'log_cache_events': 'False'}
[0m11:29:42.920918 [info ] [MainThread]: dbt version: 1.11.11
[0m11:29:42.921505 [info ] [MainThread]: python version: 3.12.3
[0m11:29:42.922093 [info ] [MainThread]: python path: /home/ffkhr/my_env/bin/python3
[0m11:29:42.922573 [info ] [MainThread]: os info: Linux-6.14.0-37-generic-x86_64-with-glibc2.39
[0m11:29:42.994218 [info ] [MainThread]: Using profiles dir at /home/ffkhr/Documents/nusacode-de-beginner/pertemuan-05-06-dbt
[0m11:29:42.994891 [info ] [MainThread]: Using profiles.yml file at /home/ffkhr/Documents/nusacode-de-beginner/pertemuan-05-06-dbt/profiles.yml
[0m11:29:42.995385 [info ] [MainThread]: Using dbt_project.yml file at /home/ffkhr/Documents/nusacode-de-beginner/pertemuan-05-06-dbt/dbt_project.yml
[0m11:29:42.996242 [info ] [MainThread]: adapter type: postgres
[0m11:29:42.996711 [info ] [MainThread]: adapter version: 1.10.1
[0m11:29:43.138150 [info ] [MainThread]: Configuration:
[0m11:29:43.139003 [info ] [MainThread]:   profiles.yml file [[32mOK found and valid[0m]
[0m11:29:43.139578 [info ] [MainThread]:   dbt_project.yml file [[32mOK found and valid[0m]
[0m11:29:43.140075 [info ] [MainThread]: Required dependencies:
[0m11:29:43.140520 [debug] [MainThread]: Executing "git --help"
[0m11:29:43.144994 [debug] [MainThread]: STDOUT: "b"usage: git [-v | --version] [-h | --help] [-C <path>] [-c <name>=<value>]\n           [--exec-path[=<path>]] [--html-path] [--man-path] [--info-path]\n           [-p | --paginate | -P | --no-pager] [--no-replace-objects] [--bare]\n           [--git-dir=<path>] [--work-tree=<path>] [--namespace=<name>]\n           [--config-env=<name>=<envvar>] <command> [<args>]\n\nThese are common Git commands used in various situations:\n\nstart a working area (see also: git help tutorial)\n   clone     Clone a repository into a new directory\n   init      Create an empty Git repository or reinitialize an existing one\n\nwork on the current change (see also: git help everyday)\n   add       Add file contents to the index\n   mv        Move or rename a file, a directory, or a symlink\n   restore   Restore working tree files\n   rm        Remove files from the working tree and from the index\n\nexamine the history and state (see also: git help revisions)\n   bisect    Use binary search to find the commit that introduced a bug\n   diff      Show changes between commits, commit and working tree, etc\n   grep      Print lines matching a pattern\n   log       Show commit logs\n   show      Show various types of objects\n   status    Show the working tree status\n\ngrow, mark and tweak your common history\n   branch    List, create, or delete branches\n   commit    Record changes to the repository\n   merge     Join two or more development histories together\n   rebase    Reapply commits on top of another base tip\n   reset     Reset current HEAD to the specified state\n   switch    Switch branches\n   tag       Create, list, delete or verify a tag object signed with GPG\n\ncollaborate (see also: git help workflows)\n   fetch     Download objects and refs from another repository\n   pull      Fetch from and integrate with another repository or a local branch\n   push      Update remote refs along with associated objects\n\n'git help -a' and 'git help -g' list available subcommands and some\nconcept guides. See 'git help <command>' or 'git help <concept>'\nto read about a specific subcommand or concept.\nSee 'git help git' for an overview of the system.\n""
[0m11:29:43.145642 [debug] [MainThread]: STDERR: "b''"
[0m11:29:43.146068 [info ] [MainThread]:  - git [[32mOK found[0m]

[0m11:29:43.146456 [info ] [MainThread]: Connection:
[0m11:29:43.146952 [info ] [MainThread]:   host: localhost
[0m11:29:43.147373 [info ] [MainThread]:   port: 5432
[0m11:29:43.147768 [info ] [MainThread]:   user: postgres
[0m11:29:43.148148 [info ] [MainThread]:   database: dw_nusacode
[0m11:29:43.148531 [info ] [MainThread]:   schema: dw_nusacode
[0m11:29:43.148919 [info ] [MainThread]:   connect_timeout: 10
[0m11:29:43.149314 [info ] [MainThread]:   role: None
[0m11:29:43.149708 [info ] [MainThread]:   search_path: None
[0m11:29:43.150128 [info ] [MainThread]:   keepalives_idle: 0
[0m11:29:43.150521 [info ] [MainThread]:   sslmode: None
[0m11:29:43.150934 [info ] [MainThread]:   sslcert: None
[0m11:29:43.151341 [info ] [MainThread]:   sslkey: None
[0m11:29:43.151794 [info ] [MainThread]:   sslrootcert: None
[0m11:29:43.152296 [info ] [MainThread]:   application_name: dbt
[0m11:29:43.152909 [info ] [MainThread]:   retries: 1
[0m11:29:43.153587 [info ] [MainThread]: Registered adapter: postgres=1.10.1
[0m11:29:43.252457 [debug] [MainThread]: Acquiring new postgres connection 'debug'
[0m11:29:43.297511 [debug] [MainThread]: Using postgres connection "debug"
[0m11:29:43.298071 [debug] [MainThread]: On debug: select 1 as id
[0m11:29:43.298574 [debug] [MainThread]: Opening a new connection, currently in state init
[0m11:29:43.317681 [debug] [MainThread]: SQL status: SELECT 1 in 0.019 seconds
[0m11:29:43.320082 [debug] [MainThread]: On debug: Close
[0m11:29:43.321070 [info ] [MainThread]:   Connection test: [[32mOK connection ok[0m]

[0m11:29:43.321992 [info ] [MainThread]: [32mAll checks passed![0m
[0m11:29:43.323968 [debug] [MainThread]: Resource report: {"command_name": "debug", "command_success": true, "command_wall_clock_time": 0.49152333, "process_in_blocks": "63712", "process_kernel_time": 0.35662, "process_mem_max_rss": "135796", "process_out_blocks": "24", "process_user_time": 3.418946}
[0m11:29:43.325846 [debug] [MainThread]: Command `dbt debug` succeeded at 11:29:43.325473 after 0.49 seconds
[0m11:29:43.326807 [debug] [MainThread]: Connection 'debug' was properly closed.
[0m11:29:43.328217 [debug] [MainThread]: Sending event: {'category': 'dbt', 'action': 'invocation', 'label': 'end', 'context': [<snowplow_tracker.self_describing_json.SelfDescribingJson object at 0x78ee28b87ad0>, <snowplow_tracker.self_describing_json.SelfDescribingJson object at 0x78ee28b868a0>, <snowplow_tracker.self_describing_json.SelfDescribingJson object at 0x78ee2718a270>]}
[0m11:29:43.329518 [debug] [MainThread]: Flushing usage events
[0m11:29:45.136078 [debug] [MainThread]: An error was encountered while trying to flush usage events
[0m15:14:02.343544 [debug] [MainThread]: Sending event: {'category': 'dbt', 'action': 'invocation', 'label': 'start', 'context': [<snowplow_tracker.self_describing_json.SelfDescribingJson object at 0x71d8184ae870>, <snowplow_tracker.self_describing_json.SelfDescribingJson object at 0x71d818541d60>, <snowplow_tracker.self_describing_json.SelfDescribingJson object at 0x71d81c35d430>]}


============================== 15:14:02.351577 | f7bfdcdf-f468-480c-b0aa-6d99379ef002 ==============================
[0m15:14:02.351577 [info ] [MainThread]: Running with dbt=1.11.11
[0m15:14:02.352876 [debug] [MainThread]: running dbt with arguments {'debug': 'False', 'warn_error': 'None', 'write_json': 'True', 'warn_error_options': 'WarnErrorOptionsV2(error=[], warn=[], silence=[])', 'send_anonymous_usage_stats': 'True', 'introspect': 'True', 'empty': 'None', 'partial_parse': 'True', 'log_path': '/home/ffkhr/Documents/nusacode-de-beginner/pertemuan-05-06-dbt/logs', 'invocation_command': 'dbt debug', 'printer_width': '80', 'quiet': 'False', 'use_experimental_parser': 'False', 'indirect_selection': 'eager', 'no_print': 'None', 'log_cache_events': 'False', 'cache_selected_only': 'False', 'use_colors': 'True', 'profiles_dir': '/home/ffkhr/Documents/nusacode-de-beginner/pertemuan-05-06-dbt', 'target_path': 'None', 'log_format': 'default', 'static_parser': 'True', 'fail_fast': 'False', 'version_check': 'True'}
[0m15:14:02.380070 [info ] [MainThread]: dbt version: 1.11.11
[0m15:14:02.381403 [info ] [MainThread]: python version: 3.12.3
[0m15:14:02.382340 [info ] [MainThread]: python path: /home/ffkhr/my_env/bin/python3
[0m15:14:02.383029 [info ] [MainThread]: os info: Linux-6.14.0-37-generic-x86_64-with-glibc2.39
[0m15:14:02.587522 [info ] [MainThread]: Using profiles dir at /home/ffkhr/Documents/nusacode-de-beginner/pertemuan-05-06-dbt
[0m15:14:02.588798 [info ] [MainThread]: Using profiles.yml file at /home/ffkhr/Documents/nusacode-de-beginner/pertemuan-05-06-dbt/profiles.yml
[0m15:14:02.589831 [info ] [MainThread]: Using dbt_project.yml file at /home/ffkhr/Documents/nusacode-de-beginner/pertemuan-05-06-dbt/dbt_project.yml
[0m15:14:02.591602 [info ] [MainThread]: adapter type: postgres
[0m15:14:02.592395 [info ] [MainThread]: adapter version: 1.10.1
[0m15:14:02.806279 [info ] [MainThread]: Configuration:
[0m15:14:02.807265 [info ] [MainThread]:   profiles.yml file [[32mOK found and valid[0m]
[0m15:14:02.808039 [info ] [MainThread]:   dbt_project.yml file [[32mOK found and valid[0m]
[0m15:14:02.808728 [info ] [MainThread]: Required dependencies:
[0m15:14:02.809441 [debug] [MainThread]: Executing "git --help"
[0m15:14:02.819661 [debug] [MainThread]: STDOUT: "b"usage: git [-v | --version] [-h | --help] [-C <path>] [-c <name>=<value>]\n           [--exec-path[=<path>]] [--html-path] [--man-path] [--info-path]\n           [-p | --paginate | -P | --no-pager] [--no-replace-objects] [--bare]\n           [--git-dir=<path>] [--work-tree=<path>] [--namespace=<name>]\n           [--config-env=<name>=<envvar>] <command> [<args>]\n\nThese are common Git commands used in various situations:\n\nstart a working area (see also: git help tutorial)\n   clone     Clone a repository into a new directory\n   init      Create an empty Git repository or reinitialize an existing one\n\nwork on the current change (see also: git help everyday)\n   add       Add file contents to the index\n   mv        Move or rename a file, a directory, or a symlink\n   restore   Restore working tree files\n   rm        Remove files from the working tree and from the index\n\nexamine the history and state (see also: git help revisions)\n   bisect    Use binary search to find the commit that introduced a bug\n   diff      Show changes between commits, commit and working tree, etc\n   grep      Print lines matching a pattern\n   log       Show commit logs\n   show      Show various types of objects\n   status    Show the working tree status\n\ngrow, mark and tweak your common history\n   branch    List, create, or delete branches\n   commit    Record changes to the repository\n   merge     Join two or more development histories together\n   rebase    Reapply commits on top of another base tip\n   reset     Reset current HEAD to the specified state\n   switch    Switch branches\n   tag       Create, list, delete or verify a tag object signed with GPG\n\ncollaborate (see also: git help workflows)\n   fetch     Download objects and refs from another repository\n   pull      Fetch from and integrate with another repository or a local branch\n   push      Update remote refs along with associated objects\n\n'git help -a' and 'git help -g' list available subcommands and some\nconcept guides. See 'git help <command>' or 'git help <concept>'\nto read about a specific subcommand or concept.\nSee 'git help git' for an overview of the system.\n""
[0m15:14:02.820789 [debug] [MainThread]: STDERR: "b''"
[0m15:14:02.821680 [info ] [MainThread]:  - git [[32mOK found[0m]

[0m15:14:02.822553 [info ] [MainThread]: Connection:
[0m15:14:02.823513 [info ] [MainThread]:   host: localhost
[0m15:14:02.824422 [info ] [MainThread]:   port: 5432
[0m15:14:02.825291 [info ] [MainThread]:   user: postgres
[0m15:14:02.826218 [info ] [MainThread]:   database: dw_nusacode
[0m15:14:02.827271 [info ] [MainThread]:   schema: dw_nusacode
[0m15:14:02.828246 [info ] [MainThread]:   connect_timeout: 10
[0m15:14:02.829596 [info ] [MainThread]:   role: None
[0m15:14:02.830800 [info ] [MainThread]:   search_path: None
[0m15:14:02.831624 [info ] [MainThread]:   keepalives_idle: 0
[0m15:14:02.832284 [info ] [MainThread]:   sslmode: None
[0m15:14:02.832921 [info ] [MainThread]:   sslcert: None
[0m15:14:02.833564 [info ] [MainThread]:   sslkey: None
[0m15:14:02.834193 [info ] [MainThread]:   sslrootcert: None
[0m15:14:02.834857 [info ] [MainThread]:   application_name: dbt
[0m15:14:02.835854 [info ] [MainThread]:   retries: 1
[0m15:14:02.837810 [info ] [MainThread]: Registered adapter: postgres=1.10.1
[0m15:14:03.008405 [debug] [MainThread]: Acquiring new postgres connection 'debug'
[0m15:14:03.078944 [debug] [MainThread]: Using postgres connection "debug"
[0m15:14:03.079923 [debug] [MainThread]: On debug: select 1 as id
[0m15:14:03.080618 [debug] [MainThread]: Opening a new connection, currently in state init
[0m15:14:03.118194 [debug] [MainThread]: SQL status: SELECT 1 in 0.037 seconds
[0m15:14:03.120151 [debug] [MainThread]: On debug: Close
[0m15:14:03.120960 [info ] [MainThread]:   Connection test: [[32mOK connection ok[0m]

[0m15:14:03.121696 [info ] [MainThread]: [32mAll checks passed![0m
[0m15:14:03.123522 [debug] [MainThread]: Resource report: {"command_name": "debug", "command_success": true, "command_wall_clock_time": 0.8938482, "process_in_blocks": "91040", "process_kernel_time": 0.60345, "process_mem_max_rss": "135596", "process_out_blocks": "24", "process_user_time": 5.387882}
[0m15:14:03.124591 [debug] [MainThread]: Command `dbt debug` succeeded at 15:14:03.124382 after 0.90 seconds
[0m15:14:03.125265 [debug] [MainThread]: Connection 'debug' was properly closed.
[0m15:14:03.125949 [debug] [MainThread]: Sending event: {'category': 'dbt', 'action': 'invocation', 'label': 'end', 'context': [<snowplow_tracker.self_describing_json.SelfDescribingJson object at 0x71d818379100>, <snowplow_tracker.self_describing_json.SelfDescribingJson object at 0x71d816f04080>, <snowplow_tracker.self_describing_json.SelfDescribingJson object at 0x71d8182a5fd0>]}
[0m15:14:03.126800 [debug] [MainThread]: Flushing usage events
[0m15:14:05.663231 [debug] [MainThread]: An error was encountered while trying to flush usage events
[0m15:18:21.767533 [debug] [MainThread]: Sending event: {'category': 'dbt', 'action': 'invocation', 'label': 'start', 'context': [<snowplow_tracker.self_describing_json.SelfDescribingJson object at 0x749bc5a7dee0>, <snowplow_tracker.self_describing_json.SelfDescribingJson object at 0x749bc5b82120>, <snowplow_tracker.self_describing_json.SelfDescribingJson object at 0x749bc5890ef0>]}


============================== 15:18:21.775192 | b6cb6f5a-b6fa-4ed0-81f6-ee1785e3f581 ==============================
[0m15:18:21.775192 [info ] [MainThread]: Running with dbt=1.11.11
[0m15:18:21.776368 [debug] [MainThread]: running dbt with arguments {'profiles_dir': '/home/ffkhr/Documents/nusacode-de-beginner/pertemuan-05-06-dbt', 'use_experimental_parser': 'False', 'warn_error_options': 'WarnErrorOptionsV2(error=[], warn=[], silence=[])', 'quiet': 'False', 'target_path': 'None', 'printer_width': '80', 'version_check': 'True', 'write_json': 'True', 'log_cache_events': 'False', 'indirect_selection': 'eager', 'partial_parse': 'True', 'warn_error': 'None', 'debug': 'False', 'log_path': '/home/ffkhr/Documents/nusacode-de-beginner/pertemuan-05-06-dbt/logs', 'introspect': 'True', 'static_parser': 'True', 'use_colors': 'True', 'cache_selected_only': 'False', 'log_format': 'default', 'invocation_command': 'dbt run --select stg_customers', 'empty': 'False', 'fail_fast': 'False', 'no_print': 'None', 'send_anonymous_usage_stats': 'True'}
[0m15:18:21.778832 [error] [MainThread]: Encountered an error:
Runtime Error
  dbt cannot run because no profile was specified for this dbt project.
  To specify a profile for this project, add a line like the this to
  your dbt_project.yml file:
  
  profile: [profile name]
  
  Here, [profile name] should be replaced with a profile name
  defined in your profiles.yml file. You can find profiles.yml here:
  
  /home/ffkhr/Documents/nusacode-de-beginner/pertemuan-05-06-dbt/profiles.yml
  
[0m15:18:21.780819 [debug] [MainThread]: Resource report: {"command_name": "run", "command_success": false, "command_wall_clock_time": 0.11886264, "process_in_blocks": "44072", "process_kernel_time": 0.414575, "process_mem_max_rss": "120404", "process_out_blocks": "16", "process_user_time": 4.787649}
[0m15:18:21.781956 [debug] [MainThread]: Command `dbt run` failed at 15:18:21.781682 after 0.12 seconds
[0m15:18:21.783036 [debug] [MainThread]: Sending event: {'category': 'dbt', 'action': 'invocation', 'label': 'end', 'context': [<snowplow_tracker.self_describing_json.SelfDescribingJson object at 0x749bc527e630>, <snowplow_tracker.self_describing_json.SelfDescribingJson object at 0x749bc4fe5190>, <snowplow_tracker.self_describing_json.SelfDescribingJson object at 0x749bc4fe5550>]}
[0m15:18:21.784064 [debug] [MainThread]: Flushing usage events
[0m15:18:23.424500 [debug] [MainThread]: An error was encountered while trying to flush usage events
[0m15:21:38.615368 [debug] [MainThread]: Sending event: {'category': 'dbt', 'action': 'invocation', 'label': 'start', 'context': [<snowplow_tracker.self_describing_json.SelfDescribingJson object at 0x7df1b1ea7800>, <snowplow_tracker.self_describing_json.SelfDescribingJson object at 0x7df1b1ea61b0>, <snowplow_tracker.self_describing_json.SelfDescribingJson object at 0x7df1b1ea61e0>]}


============================== 15:21:38.622748 | b0b2dc66-23c3-4a6f-8ec6-4e9ea5c504f1 ==============================
[0m15:21:38.622748 [info ] [MainThread]: Running with dbt=1.11.11
[0m15:21:38.624075 [debug] [MainThread]: running dbt with arguments {'indirect_selection': 'eager', 'write_json': 'True', 'use_colors': 'True', 'version_check': 'True', 'send_anonymous_usage_stats': 'True', 'debug': 'False', 'static_parser': 'True', 'warn_error_options': 'WarnErrorOptionsV2(error=[], warn=[], silence=[])', 'quiet': 'False', 'invocation_command': 'dbt run --select stg_customers --profiles-dir .', 'fail_fast': 'False', 'warn_error': 'None', 'log_format': 'default', 'no_print': 'None', 'introspect': 'True', 'target_path': 'None', 'log_path': '/home/ffkhr/Documents/nusacode-de-beginner/pertemuan-05-06-dbt/logs', 'use_experimental_parser': 'False', 'profiles_dir': '.', 'empty': 'False', 'cache_selected_only': 'False', 'log_cache_events': 'False', 'printer_width': '80', 'partial_parse': 'True'}
[0m15:21:39.001623 [debug] [MainThread]: Sending event: {'category': 'dbt', 'action': 'project_id', 'label': 'b0b2dc66-23c3-4a6f-8ec6-4e9ea5c504f1', 'context': [<snowplow_tracker.self_describing_json.SelfDescribingJson object at 0x7df1b0b496d0>]}
[0m15:21:39.138357 [debug] [MainThread]: Sending event: {'category': 'dbt', 'action': 'adapter_info', 'label': 'b0b2dc66-23c3-4a6f-8ec6-4e9ea5c504f1', 'context': [<snowplow_tracker.self_describing_json.SelfDescribingJson object at 0x7df1b1482cc0>]}
[0m15:21:39.144072 [info ] [MainThread]: Registered adapter: postgres=1.10.1
[0m15:21:39.300920 [debug] [MainThread]: checksum: 30a8cc8fdcbf66701b0944d4ccce3fa46dd04b61e5df68b9f16d57b2e0e3f0be, vars: {}, profile: , target: , version: 1.11.11
[0m15:21:39.302519 [info ] [MainThread]: Unable to do partial parsing because saved manifest not found. Starting full parse.
[0m15:21:39.303387 [debug] [MainThread]: Sending event: {'category': 'dbt', 'action': 'partial_parser', 'label': 'b0b2dc66-23c3-4a6f-8ec6-4e9ea5c504f1', 'context': [<snowplow_tracker.self_describing_json.SelfDescribingJson object at 0x7df1b0b69880>]}
[0m15:21:42.292750 [debug] [MainThread]: Sending event: {'category': 'dbt', 'action': 'load_project', 'label': 'b0b2dc66-23c3-4a6f-8ec6-4e9ea5c504f1', 'context': [<snowplow_tracker.self_describing_json.SelfDescribingJson object at 0x7df1aefaf560>]}
[0m15:21:42.479710 [debug] [MainThread]: Wrote artifact WritableManifest to /home/ffkhr/Documents/nusacode-de-beginner/pertemuan-05-06-dbt/target/manifest.json
[0m15:21:42.488421 [debug] [MainThread]: Wrote artifact SemanticManifest to /home/ffkhr/Documents/nusacode-de-beginner/pertemuan-05-06-dbt/target/semantic_manifest.json
[0m15:21:42.513841 [debug] [MainThread]: Sending event: {'category': 'dbt', 'action': 'resource_counts', 'label': 'b0b2dc66-23c3-4a6f-8ec6-4e9ea5c504f1', 'context': [<snowplow_tracker.self_describing_json.SelfDescribingJson object at 0x7df1aebb5550>]}
[0m15:21:42.515063 [info ] [MainThread]: Found 13 models, 33 data tests, 8 sources, 475 macros
[0m15:21:42.515854 [debug] [MainThread]: Sending event: {'category': 'dbt', 'action': 'runnable_timing', 'label': 'b0b2dc66-23c3-4a6f-8ec6-4e9ea5c504f1', 'context': [<snowplow_tracker.self_describing_json.SelfDescribingJson object at 0x7df1b184f470>]}
[0m15:21:42.520146 [info ] [MainThread]: 
[0m15:21:42.521173 [info ] [MainThread]: Concurrency: 4 threads (target='dev')
[0m15:21:42.521858 [info ] [MainThread]: 
[0m15:21:42.523212 [debug] [MainThread]: Acquiring new postgres connection 'master'
[0m15:21:42.526136 [debug] [ThreadPool]: Acquiring new postgres connection 'list_dw_nusacode'
[0m15:21:42.611048 [debug] [ThreadPool]: Using postgres connection "list_dw_nusacode"
[0m15:21:42.612449 [debug] [ThreadPool]: On list_dw_nusacode: /* {"app": "dbt", "dbt_version": "1.11.11", "profile_name": "nusacode_de", "target_name": "dev", "connection_name": "list_dw_nusacode"} */

    select distinct nspname from pg_namespace
  
[0m15:21:42.613493 [debug] [ThreadPool]: Opening a new connection, currently in state init
[0m15:21:42.639925 [debug] [ThreadPool]: SQL status: SELECT 4 in 0.026 seconds
[0m15:21:42.643082 [debug] [ThreadPool]: On list_dw_nusacode: Close
[0m15:21:42.645147 [debug] [ThreadPool]: Re-using an available connection from the pool (formerly list_dw_nusacode, now create_dw_nusacode_dw_nusacode_dbt_staging)
[0m15:21:42.646705 [debug] [ThreadPool]: Creating schema "database: "dw_nusacode"
schema: "dw_nusacode_dbt_staging"
"
[0m15:21:42.661386 [debug] [ThreadPool]: Using postgres connection "create_dw_nusacode_dw_nusacode_dbt_staging"
[0m15:21:42.662663 [debug] [ThreadPool]: On create_dw_nusacode_dw_nusacode_dbt_staging: /* {"app": "dbt", "dbt_version": "1.11.11", "profile_name": "nusacode_de", "target_name": "dev", "connection_name": "create_dw_nusacode_dw_nusacode_dbt_staging"} */
create schema if not exists "dw_nusacode_dbt_staging"
[0m15:21:42.663593 [debug] [ThreadPool]: Opening a new connection, currently in state closed
[0m15:21:42.681522 [debug] [ThreadPool]: SQL status: CREATE SCHEMA in 0.018 seconds
[0m15:21:42.683539 [debug] [ThreadPool]: On create_dw_nusacode_dw_nusacode_dbt_staging: COMMIT
[0m15:21:42.684257 [debug] [ThreadPool]: Using postgres connection "create_dw_nusacode_dw_nusacode_dbt_staging"
[0m15:21:42.684862 [debug] [ThreadPool]: On create_dw_nusacode_dw_nusacode_dbt_staging: COMMIT
[0m15:21:42.686909 [debug] [ThreadPool]: SQL status: COMMIT in 0.001 seconds
[0m15:21:42.687930 [debug] [ThreadPool]: On create_dw_nusacode_dw_nusacode_dbt_staging: Close
[0m15:21:42.697579 [debug] [ThreadPool]: Re-using an available connection from the pool (formerly create_dw_nusacode_dw_nusacode_dbt_staging, now list_dw_nusacode_dw_nusacode_dbt_marts)
[0m15:21:42.699464 [debug] [ThreadPool]: Acquiring new postgres connection 'list_dw_nusacode_dw_nusacode_dbt_staging'
[0m15:21:42.716528 [debug] [ThreadPool]: Acquiring new postgres connection 'list_dw_nusacode_dw_nusacode_dbt_intermediate'
[0m15:21:42.719992 [debug] [ThreadPool]: Using postgres connection "list_dw_nusacode_dw_nusacode_dbt_marts"
[0m15:21:42.724330 [debug] [ThreadPool]: Using postgres connection "list_dw_nusacode_dw_nusacode_dbt_staging"
[0m15:21:42.734722 [debug] [ThreadPool]: Using postgres connection "list_dw_nusacode_dw_nusacode_dbt_intermediate"
[0m15:21:42.736324 [debug] [ThreadPool]: On list_dw_nusacode_dw_nusacode_dbt_marts: /* {"app": "dbt", "dbt_version": "1.11.11", "profile_name": "nusacode_de", "target_name": "dev", "connection_name": "list_dw_nusacode_dw_nusacode_dbt_marts"} */
select
      'dw_nusacode' as database,
      tablename as name,
      schemaname as schema,
      'table' as type
    from pg_tables
    where schemaname ilike 'dw_nusacode_dbt_marts'
    union all
    select
      'dw_nusacode' as database,
      viewname as name,
      schemaname as schema,
      'view' as type
    from pg_views
    where schemaname ilike 'dw_nusacode_dbt_marts'
    union all
    select
      'dw_nusacode' as database,
      matviewname as name,
      schemaname as schema,
      'materialized_view' as type
    from pg_matviews
    where schemaname ilike 'dw_nusacode_dbt_marts'
  
[0m15:21:42.737135 [debug] [ThreadPool]: On list_dw_nusacode_dw_nusacode_dbt_staging: /* {"app": "dbt", "dbt_version": "1.11.11", "profile_name": "nusacode_de", "target_name": "dev", "connection_name": "list_dw_nusacode_dw_nusacode_dbt_staging"} */
select
      'dw_nusacode' as database,
      tablename as name,
      schemaname as schema,
      'table' as type
    from pg_tables
    where schemaname ilike 'dw_nusacode_dbt_staging'
    union all
    select
      'dw_nusacode' as database,
      viewname as name,
      schemaname as schema,
      'view' as type
    from pg_views
    where schemaname ilike 'dw_nusacode_dbt_staging'
    union all
    select
      'dw_nusacode' as database,
      matviewname as name,
      schemaname as schema,
      'materialized_view' as type
    from pg_matviews
    where schemaname ilike 'dw_nusacode_dbt_staging'
  
[0m15:21:42.738197 [debug] [ThreadPool]: On list_dw_nusacode_dw_nusacode_dbt_intermediate: /* {"app": "dbt", "dbt_version": "1.11.11", "profile_name": "nusacode_de", "target_name": "dev", "connection_name": "list_dw_nusacode_dw_nusacode_dbt_intermediate"} */
select
      'dw_nusacode' as database,
      tablename as name,
      schemaname as schema,
      'table' as type
    from pg_tables
    where schemaname ilike 'dw_nusacode_dbt_intermediate'
    union all
    select
      'dw_nusacode' as database,
      viewname as name,
      schemaname as schema,
      'view' as type
    from pg_views
    where schemaname ilike 'dw_nusacode_dbt_intermediate'
    union all
    select
      'dw_nusacode' as database,
      matviewname as name,
      schemaname as schema,
      'materialized_view' as type
    from pg_matviews
    where schemaname ilike 'dw_nusacode_dbt_intermediate'
  
[0m15:21:42.739428 [debug] [ThreadPool]: Opening a new connection, currently in state closed
[0m15:21:42.740113 [debug] [ThreadPool]: Opening a new connection, currently in state init
[0m15:21:42.740912 [debug] [ThreadPool]: Opening a new connection, currently in state init
[0m15:21:42.774758 [debug] [ThreadPool]: SQL status: SELECT 0 in 0.034 seconds
[0m15:21:42.775717 [debug] [ThreadPool]: SQL status: SELECT 0 in 0.035 seconds
[0m15:21:42.776374 [debug] [ThreadPool]: SQL status: SELECT 0 in 0.037 seconds
[0m15:21:42.778891 [debug] [ThreadPool]: On list_dw_nusacode_dw_nusacode_dbt_staging: ROLLBACK
[0m15:21:42.781950 [debug] [ThreadPool]: On list_dw_nusacode_dw_nusacode_dbt_intermediate: ROLLBACK
[0m15:21:42.784255 [debug] [ThreadPool]: On list_dw_nusacode_dw_nusacode_dbt_marts: ROLLBACK
[0m15:21:42.785815 [debug] [ThreadPool]: On list_dw_nusacode_dw_nusacode_dbt_staging: Close
[0m15:21:42.786580 [debug] [ThreadPool]: On list_dw_nusacode_dw_nusacode_dbt_intermediate: Close
[0m15:21:42.787228 [debug] [ThreadPool]: On list_dw_nusacode_dw_nusacode_dbt_marts: Close
[0m15:21:42.799049 [debug] [MainThread]: Using postgres connection "master"
[0m15:21:42.800207 [debug] [MainThread]: On master: /* {"app": "dbt", "dbt_version": "1.11.11", "profile_name": "nusacode_de", "target_name": "dev", "connection_name": "master"} */
select distinct
        dependent_namespace.nspname as dependent_schema,
        dependent_class.relname as dependent_name,
        referenced_namespace.nspname as referenced_schema,
        referenced_class.relname as referenced_name

    -- Query for views: views are entries in pg_class with an entry in pg_rewrite, but we avoid
    -- a seq scan on pg_rewrite by leveraging the fact there is an "internal" row in pg_depend for
    -- the view...
    from pg_class as dependent_class
    join pg_namespace as dependent_namespace on dependent_namespace.oid = dependent_class.relnamespace
    join pg_depend as dependent_depend on dependent_depend.refobjid = dependent_class.oid
        and dependent_depend.classid = 'pg_rewrite'::regclass
        and dependent_depend.refclassid = 'pg_class'::regclass
        and dependent_depend.deptype = 'i'

    -- ... and via pg_depend (that has a row per column, hence the need for "distinct" above, and
    -- making sure to exclude the internal row to avoid a view appearing to depend on itself)...
    join pg_depend as joining_depend on joining_depend.objid = dependent_depend.objid
        and joining_depend.classid = 'pg_rewrite'::regclass
        and joining_depend.refclassid = 'pg_class'::regclass
        and joining_depend.refobjid != dependent_depend.refobjid

    -- ... we can find the tables they query from in pg_class, but excluding system tables. Note we
    -- don't need need to exclude _dependent_ system tables, because they only query from other
    -- system tables, and so are automatically excluded by excluding _referenced_ system tables
    join pg_class as referenced_class on referenced_class.oid = joining_depend.refobjid
    join pg_namespace as referenced_namespace on referenced_namespace.oid = referenced_class.relnamespace
        and referenced_namespace.nspname != 'information_schema'
        and referenced_namespace.nspname not like 'pg\_%'

    order by
        dependent_schema, dependent_name, referenced_schema, referenced_name;
[0m15:21:42.801040 [debug] [MainThread]: Opening a new connection, currently in state init
[0m15:21:42.831977 [debug] [MainThread]: SQL status: SELECT 0 in 0.031 seconds
[0m15:21:42.836086 [debug] [MainThread]: Sending event: {'category': 'dbt', 'action': 'runnable_timing', 'label': 'b0b2dc66-23c3-4a6f-8ec6-4e9ea5c504f1', 'context': [<snowplow_tracker.self_describing_json.SelfDescribingJson object at 0x7df1ad9039b0>]}
[0m15:21:42.837939 [debug] [MainThread]: On master: ROLLBACK
[0m15:21:42.840011 [debug] [MainThread]: On master: COMMIT
[0m15:21:42.841548 [debug] [MainThread]: Using postgres connection "master"
[0m15:21:42.842835 [debug] [MainThread]: On master: COMMIT
[0m15:21:42.844955 [debug] [MainThread]: SQL status: COMMIT in 0.001 seconds
[0m15:21:42.846188 [debug] [MainThread]: On master: Close
[0m15:21:42.855899 [debug] [Thread-1 (]: Began running node model.nusacode_de.stg_customers
[0m15:21:42.858033 [info ] [Thread-1 (]: 1 of 1 START sql view model dw_nusacode_dbt_staging.stg_customers .............. [RUN]
[0m15:21:42.859820 [debug] [Thread-1 (]: Re-using an available connection from the pool (formerly list_dw_nusacode_dw_nusacode_dbt_marts, now model.nusacode_de.stg_customers)
[0m15:21:42.861009 [debug] [Thread-1 (]: Began compiling node model.nusacode_de.stg_customers
[0m15:21:42.879767 [debug] [Thread-1 (]: Writing injected SQL for node "model.nusacode_de.stg_customers"
[0m15:21:42.882029 [debug] [Thread-1 (]: Began executing node model.nusacode_de.stg_customers
[0m15:21:42.975534 [debug] [Thread-1 (]: Writing runtime sql for node "model.nusacode_de.stg_customers"
[0m15:21:42.977868 [debug] [Thread-1 (]: Using postgres connection "model.nusacode_de.stg_customers"
[0m15:21:42.979102 [debug] [Thread-1 (]: On model.nusacode_de.stg_customers: /* {"app": "dbt", "dbt_version": "1.11.11", "profile_name": "nusacode_de", "target_name": "dev", "node_id": "model.nusacode_de.stg_customers"} */

  create view "dw_nusacode"."dw_nusacode_dbt_staging"."stg_customers__dbt_tmp"
    
    
  as (
    -- ============================================================================
-- Staging Model: stg_customers
-- Deskripsi    : Membersihkan dan menstandarisasi data pelanggan dari
--                raw_schema.dim_customer.
-- ============================================================================

WITH source AS (
    SELECT * FROM "dw_nusacode"."raw_schema"."dim_customer"
),

cleaned AS (
    SELECT
        customer_id,
        customer_unique_id,
        customer_zip_code_prefix,
        -- Trim whitespace dan standarisasi format kota
        TRIM(INITCAP(customer_city)) AS customer_city,
        -- Standarisasi state ke uppercase
        UPPER(TRIM(customer_state)) AS customer_state
    FROM source
)

SELECT * FROM cleaned
  );
[0m15:21:42.980234 [debug] [Thread-1 (]: Opening a new connection, currently in state closed
[0m15:21:42.998239 [debug] [Thread-1 (]: Postgres adapter: Postgres error: relation "raw_schema.dim_customer" does not exist
LINE 14:     SELECT * FROM "dw_nusacode"."raw_schema"."dim_customer"
                           ^

[0m15:21:42.999606 [debug] [Thread-1 (]: On model.nusacode_de.stg_customers: ROLLBACK
[0m15:21:43.001696 [debug] [Thread-1 (]: On model.nusacode_de.stg_customers: Close
[0m15:21:43.014992 [debug] [Thread-1 (]: Database Error in model stg_customers (models/staging/stg_customers.sql)
  relation "raw_schema.dim_customer" does not exist
  LINE 14:     SELECT * FROM "dw_nusacode"."raw_schema"."dim_customer"
                             ^
  compiled code at target/run/nusacode_de/models/staging/stg_customers.sql
[0m15:21:43.019426 [debug] [Thread-1 (]: Sending event: {'category': 'dbt', 'action': 'run_model', 'label': 'b0b2dc66-23c3-4a6f-8ec6-4e9ea5c504f1', 'context': [<snowplow_tracker.self_describing_json.SelfDescribingJson object at 0x7df1ad9525a0>]}
[0m15:21:43.022577 [error] [Thread-1 (]: 1 of 1 ERROR creating sql view model dw_nusacode_dbt_staging.stg_customers ..... [[31mERROR[0m in 0.16s]
[0m15:21:43.025673 [debug] [Thread-1 (]: Finished running node model.nusacode_de.stg_customers
[0m15:21:43.028466 [debug] [Thread-7 (]: Marking all children of 'model.nusacode_de.stg_customers' to be skipped because of status 'error'.  Reason: Database Error in model stg_customers (models/staging/stg_customers.sql)
  relation "raw_schema.dim_customer" does not exist
  LINE 14:     SELECT * FROM "dw_nusacode"."raw_schema"."dim_customer"
                             ^
  compiled code at target/run/nusacode_de/models/staging/stg_customers.sql.
[0m15:21:43.038842 [debug] [MainThread]: On master: COMMIT
[0m15:21:43.040736 [debug] [MainThread]: Using postgres connection "master"
[0m15:21:43.042256 [debug] [MainThread]: On master: COMMIT
[0m15:21:43.043911 [debug] [MainThread]: Opening a new connection, currently in state closed
[0m15:21:43.071667 [debug] [MainThread]: SQL status: COMMIT in 0.028 seconds
[0m15:21:43.073496 [debug] [MainThread]: On master: Close
[0m15:21:43.087231 [debug] [MainThread]: Connection 'master' was properly closed.
[0m15:21:43.089964 [debug] [MainThread]: Connection 'model.nusacode_de.stg_customers' was properly closed.
[0m15:21:43.093034 [debug] [MainThread]: Connection 'list_dw_nusacode_dw_nusacode_dbt_staging' was properly closed.
[0m15:21:43.095124 [debug] [MainThread]: Connection 'list_dw_nusacode_dw_nusacode_dbt_intermediate' was properly closed.
[0m15:21:43.097535 [info ] [MainThread]: 
[0m15:21:43.099700 [info ] [MainThread]: Finished running 1 view model in 0 hours 0 minutes and 0.57 seconds (0.57s).
[0m15:21:43.105478 [debug] [MainThread]: Command end result
[0m15:21:43.214803 [debug] [MainThread]: Wrote artifact WritableManifest to /home/ffkhr/Documents/nusacode-de-beginner/pertemuan-05-06-dbt/target/manifest.json
[0m15:21:43.224610 [debug] [MainThread]: Wrote artifact SemanticManifest to /home/ffkhr/Documents/nusacode-de-beginner/pertemuan-05-06-dbt/target/semantic_manifest.json
[0m15:21:43.253827 [debug] [MainThread]: Wrote artifact RunExecutionResult to /home/ffkhr/Documents/nusacode-de-beginner/pertemuan-05-06-dbt/target/run_results.json
[0m15:21:43.254932 [info ] [MainThread]: 
[0m15:21:43.256513 [info ] [MainThread]: [31mCompleted with 1 error, 0 partial successes, and 0 warnings:[0m
[0m15:21:43.257849 [info ] [MainThread]: 
[0m15:21:43.259574 [error] [MainThread]: [31mFailure in model stg_customers (models/staging/stg_customers.sql)[0m
[0m15:21:43.261501 [error] [MainThread]:   Database Error in model stg_customers (models/staging/stg_customers.sql)
  relation "raw_schema.dim_customer" does not exist
  LINE 14:     SELECT * FROM "dw_nusacode"."raw_schema"."dim_customer"
                             ^
  compiled code at target/run/nusacode_de/models/staging/stg_customers.sql
[0m15:21:43.263051 [info ] [MainThread]: 
[0m15:21:43.264894 [info ] [MainThread]:   compiled code at target/compiled/nusacode_de/models/staging/stg_customers.sql
[0m15:21:43.265962 [info ] [MainThread]: 
[0m15:21:43.267002 [info ] [MainThread]: Done. PASS=0 WARN=0 ERROR=1 SKIP=0 NO-OP=0 TOTAL=1
[0m15:21:43.270202 [debug] [MainThread]: Resource report: {"command_name": "run", "command_success": false, "command_wall_clock_time": 4.7790213, "process_in_blocks": "15096", "process_kernel_time": 0.575781, "process_mem_max_rss": "153104", "process_out_blocks": "3800", "process_user_time": 9.044564}
[0m15:21:43.272307 [debug] [MainThread]: Command `dbt run` failed at 15:21:43.271704 after 4.78 seconds
[0m15:21:43.274152 [debug] [MainThread]: Sending event: {'category': 'dbt', 'action': 'invocation', 'label': 'end', 'context': [<snowplow_tracker.self_describing_json.SelfDescribingJson object at 0x7df1b4520470>, <snowplow_tracker.self_describing_json.SelfDescribingJson object at 0x7df1b25b9970>, <snowplow_tracker.self_describing_json.SelfDescribingJson object at 0x7df1b320eed0>]}
[0m15:21:43.275367 [debug] [MainThread]: Flushing usage events
[0m15:21:47.706771 [debug] [MainThread]: An error was encountered while trying to flush usage events
[0m15:31:58.135288 [debug] [MainThread]: Sending event: {'category': 'dbt', 'action': 'invocation', 'label': 'start', 'context': [<snowplow_tracker.self_describing_json.SelfDescribingJson object at 0x76d03a5bf170>, <snowplow_tracker.self_describing_json.SelfDescribingJson object at 0x76d03a2dd400>, <snowplow_tracker.self_describing_json.SelfDescribingJson object at 0x76d03a2dd610>]}


============================== 15:31:58.146472 | 46b2c256-ee48-4875-8ef1-5b261675fb53 ==============================
[0m15:31:58.146472 [info ] [MainThread]: Running with dbt=1.11.11
[0m15:31:58.147591 [debug] [MainThread]: running dbt with arguments {'fail_fast': 'False', 'target_path': 'None', 'log_cache_events': 'False', 'log_path': '/home/ffkhr/Documents/nusacode-de-beginner/pertemuan-05-06-dbt/logs', 'debug': 'False', 'partial_parse': 'True', 'quiet': 'False', 'send_anonymous_usage_stats': 'True', 'indirect_selection': 'eager', 'profiles_dir': '/home/ffkhr/Documents/nusacode-de-beginner/pertemuan-05-06-dbt', 'no_print': 'None', 'static_parser': 'True', 'warn_error': 'None', 'printer_width': '80', 'cache_selected_only': 'False', 'write_json': 'True', 'use_colors': 'True', 'empty': 'False', 'invocation_command': 'dbt run --select stg_customers', 'log_format': 'default', 'warn_error_options': 'WarnErrorOptionsV2(error=[], warn=[], silence=[])', 'version_check': 'True', 'introspect': 'True', 'use_experimental_parser': 'False'}
[0m15:31:58.505901 [debug] [MainThread]: Sending event: {'category': 'dbt', 'action': 'project_id', 'label': '46b2c256-ee48-4875-8ef1-5b261675fb53', 'context': [<snowplow_tracker.self_describing_json.SelfDescribingJson object at 0x76d0392d4da0>]}
[0m15:31:58.632767 [debug] [MainThread]: Sending event: {'category': 'dbt', 'action': 'adapter_info', 'label': '46b2c256-ee48-4875-8ef1-5b261675fb53', 'context': [<snowplow_tracker.self_describing_json.SelfDescribingJson object at 0x76d03ad97e30>]}
[0m15:31:58.638883 [info ] [MainThread]: Registered adapter: postgres=1.10.1
[0m15:31:58.802425 [debug] [MainThread]: checksum: 30a8cc8fdcbf66701b0944d4ccce3fa46dd04b61e5df68b9f16d57b2e0e3f0be, vars: {}, profile: , target: , version: 1.11.11
[0m15:31:59.037091 [debug] [MainThread]: Partial parsing enabled: 0 files deleted, 0 files added, 0 files changed.
[0m15:31:59.038088 [debug] [MainThread]: Nothing changed, skipping partial parsing.
[0m15:31:59.038786 [debug] [MainThread]: Partial parsing enabled, no changes found, skipping parsing
[0m15:31:59.133450 [debug] [MainThread]: Sending event: {'category': 'dbt', 'action': 'load_project', 'label': '46b2c256-ee48-4875-8ef1-5b261675fb53', 'context': [<snowplow_tracker.self_describing_json.SelfDescribingJson object at 0x76d038558ef0>]}
[0m15:31:59.549221 [debug] [MainThread]: Wrote artifact WritableManifest to /home/ffkhr/Documents/nusacode-de-beginner/pertemuan-05-06-dbt/target/manifest.json
[0m15:31:59.553564 [debug] [MainThread]: Wrote artifact SemanticManifest to /home/ffkhr/Documents/nusacode-de-beginner/pertemuan-05-06-dbt/target/semantic_manifest.json
[0m15:31:59.579534 [debug] [MainThread]: Sending event: {'category': 'dbt', 'action': 'resource_counts', 'label': '46b2c256-ee48-4875-8ef1-5b261675fb53', 'context': [<snowplow_tracker.self_describing_json.SelfDescribingJson object at 0x76d03794d760>]}
[0m15:31:59.581190 [info ] [MainThread]: Found 13 models, 33 data tests, 8 sources, 475 macros
[0m15:31:59.582926 [debug] [MainThread]: Sending event: {'category': 'dbt', 'action': 'runnable_timing', 'label': '46b2c256-ee48-4875-8ef1-5b261675fb53', 'context': [<snowplow_tracker.self_describing_json.SelfDescribingJson object at 0x76d03755b050>]}
[0m15:31:59.588643 [info ] [MainThread]: 
[0m15:31:59.589881 [info ] [MainThread]: Concurrency: 4 threads (target='dev')
[0m15:31:59.590846 [info ] [MainThread]: 
[0m15:31:59.592184 [debug] [MainThread]: Acquiring new postgres connection 'master'
[0m15:31:59.594961 [debug] [ThreadPool]: Acquiring new postgres connection 'list_dw_nusacode'
[0m15:31:59.679694 [debug] [ThreadPool]: Using postgres connection "list_dw_nusacode"
[0m15:31:59.680783 [debug] [ThreadPool]: On list_dw_nusacode: /* {"app": "dbt", "dbt_version": "1.11.11", "profile_name": "nusacode_de", "target_name": "dev", "connection_name": "list_dw_nusacode"} */

    select distinct nspname from pg_namespace
  
[0m15:31:59.681458 [debug] [ThreadPool]: Opening a new connection, currently in state init
[0m15:31:59.717652 [debug] [ThreadPool]: SQL status: SELECT 5 in 0.036 seconds
[0m15:31:59.720919 [debug] [ThreadPool]: On list_dw_nusacode: Close
[0m15:31:59.733593 [debug] [ThreadPool]: Re-using an available connection from the pool (formerly list_dw_nusacode, now list_dw_nusacode_dw_nusacode_dbt_marts)
[0m15:31:59.735548 [debug] [ThreadPool]: Acquiring new postgres connection 'list_dw_nusacode_dw_nusacode_dbt_staging'
[0m15:31:59.742098 [debug] [ThreadPool]: Acquiring new postgres connection 'list_dw_nusacode_dw_nusacode_dbt_intermediate'
[0m15:31:59.752331 [debug] [ThreadPool]: Using postgres connection "list_dw_nusacode_dw_nusacode_dbt_marts"
[0m15:31:59.756372 [debug] [ThreadPool]: Using postgres connection "list_dw_nusacode_dw_nusacode_dbt_staging"
[0m15:31:59.766283 [debug] [ThreadPool]: Using postgres connection "list_dw_nusacode_dw_nusacode_dbt_intermediate"
[0m15:31:59.767908 [debug] [ThreadPool]: On list_dw_nusacode_dw_nusacode_dbt_marts: /* {"app": "dbt", "dbt_version": "1.11.11", "profile_name": "nusacode_de", "target_name": "dev", "connection_name": "list_dw_nusacode_dw_nusacode_dbt_marts"} */
select
      'dw_nusacode' as database,
      tablename as name,
      schemaname as schema,
      'table' as type
    from pg_tables
    where schemaname ilike 'dw_nusacode_dbt_marts'
    union all
    select
      'dw_nusacode' as database,
      viewname as name,
      schemaname as schema,
      'view' as type
    from pg_views
    where schemaname ilike 'dw_nusacode_dbt_marts'
    union all
    select
      'dw_nusacode' as database,
      matviewname as name,
      schemaname as schema,
      'materialized_view' as type
    from pg_matviews
    where schemaname ilike 'dw_nusacode_dbt_marts'
  
[0m15:31:59.769186 [debug] [ThreadPool]: On list_dw_nusacode_dw_nusacode_dbt_staging: /* {"app": "dbt", "dbt_version": "1.11.11", "profile_name": "nusacode_de", "target_name": "dev", "connection_name": "list_dw_nusacode_dw_nusacode_dbt_staging"} */
select
      'dw_nusacode' as database,
      tablename as name,
      schemaname as schema,
      'table' as type
    from pg_tables
    where schemaname ilike 'dw_nusacode_dbt_staging'
    union all
    select
      'dw_nusacode' as database,
      viewname as name,
      schemaname as schema,
      'view' as type
    from pg_views
    where schemaname ilike 'dw_nusacode_dbt_staging'
    union all
    select
      'dw_nusacode' as database,
      matviewname as name,
      schemaname as schema,
      'materialized_view' as type
    from pg_matviews
    where schemaname ilike 'dw_nusacode_dbt_staging'
  
[0m15:31:59.770739 [debug] [ThreadPool]: On list_dw_nusacode_dw_nusacode_dbt_intermediate: /* {"app": "dbt", "dbt_version": "1.11.11", "profile_name": "nusacode_de", "target_name": "dev", "connection_name": "list_dw_nusacode_dw_nusacode_dbt_intermediate"} */
select
      'dw_nusacode' as database,
      tablename as name,
      schemaname as schema,
      'table' as type
    from pg_tables
    where schemaname ilike 'dw_nusacode_dbt_intermediate'
    union all
    select
      'dw_nusacode' as database,
      viewname as name,
      schemaname as schema,
      'view' as type
    from pg_views
    where schemaname ilike 'dw_nusacode_dbt_intermediate'
    union all
    select
      'dw_nusacode' as database,
      matviewname as name,
      schemaname as schema,
      'materialized_view' as type
    from pg_matviews
    where schemaname ilike 'dw_nusacode_dbt_intermediate'
  
[0m15:31:59.772139 [debug] [ThreadPool]: Opening a new connection, currently in state closed
[0m15:31:59.773376 [debug] [ThreadPool]: Opening a new connection, currently in state init
[0m15:31:59.774772 [debug] [ThreadPool]: Opening a new connection, currently in state init
[0m15:31:59.804649 [debug] [ThreadPool]: SQL status: SELECT 0 in 0.030 seconds
[0m15:31:59.805582 [debug] [ThreadPool]: SQL status: SELECT 0 in 0.032 seconds
[0m15:31:59.808233 [debug] [ThreadPool]: On list_dw_nusacode_dw_nusacode_dbt_intermediate: ROLLBACK
[0m15:31:59.810880 [debug] [ThreadPool]: On list_dw_nusacode_dw_nusacode_dbt_staging: ROLLBACK
[0m15:31:59.812441 [debug] [ThreadPool]: On list_dw_nusacode_dw_nusacode_dbt_intermediate: Close
[0m15:31:59.813161 [debug] [ThreadPool]: On list_dw_nusacode_dw_nusacode_dbt_staging: Close
[0m15:31:59.818813 [debug] [ThreadPool]: SQL status: SELECT 0 in 0.046 seconds
[0m15:31:59.821977 [debug] [ThreadPool]: On list_dw_nusacode_dw_nusacode_dbt_marts: ROLLBACK
[0m15:31:59.823327 [debug] [ThreadPool]: On list_dw_nusacode_dw_nusacode_dbt_marts: Close
[0m15:31:59.840573 [debug] [MainThread]: Using postgres connection "master"
[0m15:31:59.842476 [debug] [MainThread]: On master: /* {"app": "dbt", "dbt_version": "1.11.11", "profile_name": "nusacode_de", "target_name": "dev", "connection_name": "master"} */
select distinct
        dependent_namespace.nspname as dependent_schema,
        dependent_class.relname as dependent_name,
        referenced_namespace.nspname as referenced_schema,
        referenced_class.relname as referenced_name

    -- Query for views: views are entries in pg_class with an entry in pg_rewrite, but we avoid
    -- a seq scan on pg_rewrite by leveraging the fact there is an "internal" row in pg_depend for
    -- the view...
    from pg_class as dependent_class
    join pg_namespace as dependent_namespace on dependent_namespace.oid = dependent_class.relnamespace
    join pg_depend as dependent_depend on dependent_depend.refobjid = dependent_class.oid
        and dependent_depend.classid = 'pg_rewrite'::regclass
        and dependent_depend.refclassid = 'pg_class'::regclass
        and dependent_depend.deptype = 'i'

    -- ... and via pg_depend (that has a row per column, hence the need for "distinct" above, and
    -- making sure to exclude the internal row to avoid a view appearing to depend on itself)...
    join pg_depend as joining_depend on joining_depend.objid = dependent_depend.objid
        and joining_depend.classid = 'pg_rewrite'::regclass
        and joining_depend.refclassid = 'pg_class'::regclass
        and joining_depend.refobjid != dependent_depend.refobjid

    -- ... we can find the tables they query from in pg_class, but excluding system tables. Note we
    -- don't need need to exclude _dependent_ system tables, because they only query from other
    -- system tables, and so are automatically excluded by excluding _referenced_ system tables
    join pg_class as referenced_class on referenced_class.oid = joining_depend.refobjid
    join pg_namespace as referenced_namespace on referenced_namespace.oid = referenced_class.relnamespace
        and referenced_namespace.nspname != 'information_schema'
        and referenced_namespace.nspname not like 'pg\_%'

    order by
        dependent_schema, dependent_name, referenced_schema, referenced_name;
[0m15:31:59.844013 [debug] [MainThread]: Opening a new connection, currently in state init
[0m15:31:59.873984 [debug] [MainThread]: SQL status: SELECT 0 in 0.030 seconds
[0m15:31:59.878351 [debug] [MainThread]: Sending event: {'category': 'dbt', 'action': 'runnable_timing', 'label': '46b2c256-ee48-4875-8ef1-5b261675fb53', 'context': [<snowplow_tracker.self_describing_json.SelfDescribingJson object at 0x76d036914ec0>]}
[0m15:31:59.879985 [debug] [MainThread]: On master: ROLLBACK
[0m15:31:59.881744 [debug] [MainThread]: On master: COMMIT
[0m15:31:59.882927 [debug] [MainThread]: Using postgres connection "master"
[0m15:31:59.883999 [debug] [MainThread]: On master: COMMIT
[0m15:31:59.885964 [debug] [MainThread]: SQL status: COMMIT in 0.001 seconds
[0m15:31:59.887124 [debug] [MainThread]: On master: Close
[0m15:31:59.898099 [debug] [Thread-1 (]: Began running node model.nusacode_de.stg_customers
[0m15:31:59.899977 [info ] [Thread-1 (]: 1 of 1 START sql view model dw_nusacode_dbt_staging.stg_customers .............. [RUN]
[0m15:31:59.901156 [debug] [Thread-1 (]: Re-using an available connection from the pool (formerly list_dw_nusacode_dw_nusacode_dbt_marts, now model.nusacode_de.stg_customers)
[0m15:31:59.902058 [debug] [Thread-1 (]: Began compiling node model.nusacode_de.stg_customers
[0m15:31:59.916021 [debug] [Thread-1 (]: Writing injected SQL for node "model.nusacode_de.stg_customers"
[0m15:31:59.917645 [debug] [Thread-1 (]: Began executing node model.nusacode_de.stg_customers
[0m15:31:59.991586 [debug] [Thread-1 (]: Writing runtime sql for node "model.nusacode_de.stg_customers"
[0m15:31:59.993352 [debug] [Thread-1 (]: Using postgres connection "model.nusacode_de.stg_customers"
[0m15:31:59.994253 [debug] [Thread-1 (]: On model.nusacode_de.stg_customers: /* {"app": "dbt", "dbt_version": "1.11.11", "profile_name": "nusacode_de", "target_name": "dev", "node_id": "model.nusacode_de.stg_customers"} */

  create view "dw_nusacode"."dw_nusacode_dbt_staging"."stg_customers__dbt_tmp"
    
    
  as (
    -- ============================================================================
-- Staging Model: stg_customers
-- Deskripsi    : Membersihkan dan menstandarisasi data pelanggan dari
--                raw_schema.dim_customer.
-- ============================================================================

WITH source AS (
    SELECT * FROM "dw_nusacode"."raw_schema"."dim_customer"
),

cleaned AS (
    SELECT
        customer_id,
        customer_unique_id,
        customer_zip_code_prefix,
        -- Trim whitespace dan standarisasi format kota
        TRIM(INITCAP(customer_city)) AS customer_city,
        -- Standarisasi state ke uppercase
        UPPER(TRIM(customer_state)) AS customer_state
    FROM source
)

SELECT * FROM cleaned
  );
[0m15:31:59.995109 [debug] [Thread-1 (]: Opening a new connection, currently in state closed
[0m15:32:00.012975 [debug] [Thread-1 (]: Postgres adapter: Postgres error: relation "raw_schema.dim_customer" does not exist
LINE 14:     SELECT * FROM "dw_nusacode"."raw_schema"."dim_customer"
                           ^

[0m15:32:00.014036 [debug] [Thread-1 (]: On model.nusacode_de.stg_customers: ROLLBACK
[0m15:32:00.015580 [debug] [Thread-1 (]: On model.nusacode_de.stg_customers: Close
[0m15:32:00.025467 [debug] [Thread-1 (]: Database Error in model stg_customers (models/staging/stg_customers.sql)
  relation "raw_schema.dim_customer" does not exist
  LINE 14:     SELECT * FROM "dw_nusacode"."raw_schema"."dim_customer"
                             ^
  compiled code at target/run/nusacode_de/models/staging/stg_customers.sql
[0m15:32:00.029023 [debug] [Thread-1 (]: Sending event: {'category': 'dbt', 'action': 'run_model', 'label': '46b2c256-ee48-4875-8ef1-5b261675fb53', 'context': [<snowplow_tracker.self_describing_json.SelfDescribingJson object at 0x76d038559310>]}
[0m15:32:00.030780 [error] [Thread-1 (]: 1 of 1 ERROR creating sql view model dw_nusacode_dbt_staging.stg_customers ..... [[31mERROR[0m in 0.13s]
[0m15:32:00.032217 [debug] [Thread-1 (]: Finished running node model.nusacode_de.stg_customers
[0m15:32:00.033811 [debug] [Thread-7 (]: Marking all children of 'model.nusacode_de.stg_customers' to be skipped because of status 'error'.  Reason: Database Error in model stg_customers (models/staging/stg_customers.sql)
  relation "raw_schema.dim_customer" does not exist
  LINE 14:     SELECT * FROM "dw_nusacode"."raw_schema"."dim_customer"
                             ^
  compiled code at target/run/nusacode_de/models/staging/stg_customers.sql.
[0m15:32:00.039353 [debug] [MainThread]: On master: COMMIT
[0m15:32:00.040663 [debug] [MainThread]: Using postgres connection "master"
[0m15:32:00.041513 [debug] [MainThread]: On master: COMMIT
[0m15:32:00.042294 [debug] [MainThread]: Opening a new connection, currently in state closed
[0m15:32:00.062939 [debug] [MainThread]: SQL status: COMMIT in 0.020 seconds
[0m15:32:00.063997 [debug] [MainThread]: On master: Close
[0m15:32:00.065052 [debug] [MainThread]: Connection 'master' was properly closed.
[0m15:32:00.065763 [debug] [MainThread]: Connection 'model.nusacode_de.stg_customers' was properly closed.
[0m15:32:00.066361 [debug] [MainThread]: Connection 'list_dw_nusacode_dw_nusacode_dbt_staging' was properly closed.
[0m15:32:00.066925 [debug] [MainThread]: Connection 'list_dw_nusacode_dw_nusacode_dbt_intermediate' was properly closed.
[0m15:32:00.067646 [info ] [MainThread]: 
[0m15:32:00.068472 [info ] [MainThread]: Finished running 1 view model in 0 hours 0 minutes and 0.48 seconds (0.48s).
[0m15:32:00.070277 [debug] [MainThread]: Command end result
[0m15:32:00.143351 [debug] [MainThread]: Wrote artifact WritableManifest to /home/ffkhr/Documents/nusacode-de-beginner/pertemuan-05-06-dbt/target/manifest.json
[0m15:32:00.147723 [debug] [MainThread]: Wrote artifact SemanticManifest to /home/ffkhr/Documents/nusacode-de-beginner/pertemuan-05-06-dbt/target/semantic_manifest.json
[0m15:32:00.159213 [debug] [MainThread]: Wrote artifact RunExecutionResult to /home/ffkhr/Documents/nusacode-de-beginner/pertemuan-05-06-dbt/target/run_results.json
[0m15:32:00.160231 [info ] [MainThread]: 
[0m15:32:00.161333 [info ] [MainThread]: [31mCompleted with 1 error, 0 partial successes, and 0 warnings:[0m
[0m15:32:00.162302 [info ] [MainThread]: 
[0m15:32:00.163527 [error] [MainThread]: [31mFailure in model stg_customers (models/staging/stg_customers.sql)[0m
[0m15:32:00.164554 [error] [MainThread]:   Database Error in model stg_customers (models/staging/stg_customers.sql)
  relation "raw_schema.dim_customer" does not exist
  LINE 14:     SELECT * FROM "dw_nusacode"."raw_schema"."dim_customer"
                             ^
  compiled code at target/run/nusacode_de/models/staging/stg_customers.sql
[0m15:32:00.165302 [info ] [MainThread]: 
[0m15:32:00.166261 [info ] [MainThread]:   compiled code at target/compiled/nusacode_de/models/staging/stg_customers.sql
[0m15:32:00.167409 [info ] [MainThread]: 
[0m15:32:00.168621 [info ] [MainThread]: Done. PASS=0 WARN=0 ERROR=1 SKIP=0 NO-OP=0 TOTAL=1
[0m15:32:00.171264 [debug] [MainThread]: Resource report: {"command_name": "run", "command_success": false, "command_wall_clock_time": 2.1474664, "process_in_blocks": "9240", "process_kernel_time": 0.554577, "process_mem_max_rss": "144848", "process_out_blocks": "2672", "process_user_time": 6.822807}
[0m15:32:00.172668 [debug] [MainThread]: Command `dbt run` failed at 15:32:00.172351 after 2.15 seconds
[0m15:32:00.174065 [debug] [MainThread]: Sending event: {'category': 'dbt', 'action': 'invocation', 'label': 'end', 'context': [<snowplow_tracker.self_describing_json.SelfDescribingJson object at 0x76d0393c2060>, <snowplow_tracker.self_describing_json.SelfDescribingJson object at 0x76d03959b8f0>, <snowplow_tracker.self_describing_json.SelfDescribingJson object at 0x76d037d5f560>]}
[0m15:32:00.175188 [debug] [MainThread]: Flushing usage events
[0m15:32:02.772569 [debug] [MainThread]: An error was encountered while trying to flush usage events
[0m15:32:19.851686 [debug] [MainThread]: Sending event: {'category': 'dbt', 'action': 'invocation', 'label': 'start', 'context': [<snowplow_tracker.self_describing_json.SelfDescribingJson object at 0x7dd6b8dd3410>, <snowplow_tracker.self_describing_json.SelfDescribingJson object at 0x7dd6b99d6780>, <snowplow_tracker.self_describing_json.SelfDescribingJson object at 0x7dd6b83e8980>]}


============================== 15:32:19.858190 | ce1b0937-b16f-4642-a0a8-fb0c7e61ef21 ==============================
[0m15:32:19.858190 [info ] [MainThread]: Running with dbt=1.11.11
[0m15:32:19.859548 [debug] [MainThread]: running dbt with arguments {'no_print': 'None', 'printer_width': '80', 'warn_error_options': 'WarnErrorOptionsV2(error=[], warn=[], silence=[])', 'static_parser': 'True', 'fail_fast': 'False', 'invocation_command': 'dbt run --select stg_customers', 'log_format': 'default', 'empty': 'False', 'target_path': 'None', 'indirect_selection': 'eager', 'profiles_dir': '/home/ffkhr/Documents/nusacode-de-beginner/pertemuan-05-06-dbt', 'use_experimental_parser': 'False', 'send_anonymous_usage_stats': 'True', 'quiet': 'False', 'write_json': 'True', 'log_cache_events': 'False', 'partial_parse': 'True', 'debug': 'False', 'use_colors': 'True', 'warn_error': 'None', 'cache_selected_only': 'False', 'introspect': 'True', 'version_check': 'True', 'log_path': '/home/ffkhr/Documents/nusacode-de-beginner/pertemuan-05-06-dbt/logs'}
[0m15:32:20.237657 [debug] [MainThread]: Sending event: {'category': 'dbt', 'action': 'project_id', 'label': 'ce1b0937-b16f-4642-a0a8-fb0c7e61ef21', 'context': [<snowplow_tracker.self_describing_json.SelfDescribingJson object at 0x7dd6b7185190>]}
[0m15:32:20.425369 [debug] [MainThread]: Sending event: {'category': 'dbt', 'action': 'adapter_info', 'label': 'ce1b0937-b16f-4642-a0a8-fb0c7e61ef21', 'context': [<snowplow_tracker.self_describing_json.SelfDescribingJson object at 0x7dd6b802b800>]}
[0m15:32:20.428700 [info ] [MainThread]: Registered adapter: postgres=1.10.1
[0m15:32:20.640847 [debug] [MainThread]: checksum: 30a8cc8fdcbf66701b0944d4ccce3fa46dd04b61e5df68b9f16d57b2e0e3f0be, vars: {}, profile: , target: , version: 1.11.11
[0m15:32:20.892600 [debug] [MainThread]: Partial parsing enabled: 0 files deleted, 0 files added, 1 files changed.
[0m15:32:20.894148 [debug] [MainThread]: Partial parsing: updated file: nusacode_de://models/staging/stg_customers.sql
[0m15:32:21.881585 [error] [MainThread]: Encountered an error:
Compilation Error
  Model 'model.nusacode_de.stg_customers' (models/staging/stg_customers.sql) depends on a source named 'public.dim_customer' which was not found
[0m15:32:21.883965 [debug] [MainThread]: Resource report: {"command_name": "run", "command_success": false, "command_wall_clock_time": 2.165489, "process_in_blocks": "0", "process_kernel_time": 0.49316, "process_mem_max_rss": "136320", "process_out_blocks": "0", "process_user_time": 7.157821}
[0m15:32:21.885223 [debug] [MainThread]: Command `dbt run` failed at 15:32:21.884998 after 2.17 seconds
[0m15:32:21.886167 [debug] [MainThread]: Sending event: {'category': 'dbt', 'action': 'invocation', 'label': 'end', 'context': [<snowplow_tracker.self_describing_json.SelfDescribingJson object at 0x7dd6b7b525d0>, <snowplow_tracker.self_describing_json.SelfDescribingJson object at 0x7dd6b6139f40>, <snowplow_tracker.self_describing_json.SelfDescribingJson object at 0x7dd6b6569b80>]}
[0m15:32:21.887015 [debug] [MainThread]: Flushing usage events
[0m15:32:23.148381 [debug] [MainThread]: An error was encountered while trying to flush usage events
[0m15:35:18.113263 [debug] [MainThread]: Sending event: {'category': 'dbt', 'action': 'invocation', 'label': 'start', 'context': [<snowplow_tracker.self_describing_json.SelfDescribingJson object at 0x786d4e319430>, <snowplow_tracker.self_describing_json.SelfDescribingJson object at 0x786d4d9176e0>, <snowplow_tracker.self_describing_json.SelfDescribingJson object at 0x786d4d7ceb40>]}


============================== 15:35:18.123024 | c890d7e7-4091-456b-b6b4-206f0531303c ==============================
[0m15:35:18.123024 [info ] [MainThread]: Running with dbt=1.11.11
[0m15:35:18.125263 [debug] [MainThread]: running dbt with arguments {'send_anonymous_usage_stats': 'True', 'use_colors': 'True', 'debug': 'False', 'use_experimental_parser': 'False', 'log_path': '/home/ffkhr/Documents/nusacode-de-beginner/pertemuan-05-06-dbt/logs', 'log_cache_events': 'False', 'profiles_dir': '/home/ffkhr/Documents/nusacode-de-beginner/pertemuan-05-06-dbt', 'introspect': 'True', 'warn_error_options': 'WarnErrorOptionsV2(error=[], warn=[], silence=[])', 'quiet': 'False', 'invocation_command': 'dbt run --select stg_customers', 'indirect_selection': 'eager', 'no_print': 'None', 'log_format': 'default', 'version_check': 'True', 'static_parser': 'True', 'target_path': 'None', 'empty': 'False', 'printer_width': '80', 'cache_selected_only': 'False', 'partial_parse': 'True', 'warn_error': 'None', 'fail_fast': 'False', 'write_json': 'True'}
[0m15:35:18.603948 [debug] [MainThread]: Sending event: {'category': 'dbt', 'action': 'project_id', 'label': 'c890d7e7-4091-456b-b6b4-206f0531303c', 'context': [<snowplow_tracker.self_describing_json.SelfDescribingJson object at 0x786d500be450>]}
[0m15:35:18.783442 [debug] [MainThread]: Sending event: {'category': 'dbt', 'action': 'adapter_info', 'label': 'c890d7e7-4091-456b-b6b4-206f0531303c', 'context': [<snowplow_tracker.self_describing_json.SelfDescribingJson object at 0x786d4d75b7d0>]}
[0m15:35:18.786086 [info ] [MainThread]: Registered adapter: postgres=1.10.1
[0m15:35:18.968526 [debug] [MainThread]: checksum: 30a8cc8fdcbf66701b0944d4ccce3fa46dd04b61e5df68b9f16d57b2e0e3f0be, vars: {}, profile: , target: , version: 1.11.11
[0m15:35:19.289270 [debug] [MainThread]: Partial parsing enabled: 0 files deleted, 0 files added, 2 files changed.
[0m15:35:19.293385 [debug] [MainThread]: Partial parsing: updated file: nusacode_de://models/staging/schema.yml
[0m15:35:19.294423 [debug] [MainThread]: Partial parsing: updated file: nusacode_de://models/staging/stg_customers.sql
[0m15:35:21.244892 [error] [MainThread]: Encountered an error:
Compilation Error
  Model 'model.nusacode_de.stg_products' (models/staging/stg_products.sql) depends on a source named 'raw_schema.dim_product_category' which was not found
[0m15:35:21.247912 [debug] [MainThread]: Resource report: {"command_name": "run", "command_success": false, "command_wall_clock_time": 3.30161, "process_in_blocks": "0", "process_kernel_time": 0.616074, "process_mem_max_rss": "138788", "process_out_blocks": "8", "process_user_time": 9.134274}
[0m15:35:21.249297 [debug] [MainThread]: Command `dbt run` failed at 15:35:21.249047 after 3.30 seconds
[0m15:35:21.250710 [debug] [MainThread]: Sending event: {'category': 'dbt', 'action': 'invocation', 'label': 'end', 'context': [<snowplow_tracker.self_describing_json.SelfDescribingJson object at 0x786d52f64110>, <snowplow_tracker.self_describing_json.SelfDescribingJson object at 0x786d4b183770>, <snowplow_tracker.self_describing_json.SelfDescribingJson object at 0x786d4adf7dd0>]}
[0m15:35:21.251984 [debug] [MainThread]: Flushing usage events
[0m15:35:23.275766 [debug] [MainThread]: An error was encountered while trying to flush usage events
[0m15:35:49.960238 [debug] [MainThread]: Sending event: {'category': 'dbt', 'action': 'invocation', 'label': 'start', 'context': [<snowplow_tracker.self_describing_json.SelfDescribingJson object at 0x7fc1358df3e0>, <snowplow_tracker.self_describing_json.SelfDescribingJson object at 0x7fc1348d2120>, <snowplow_tracker.self_describing_json.SelfDescribingJson object at 0x7fc134972840>]}


============================== 15:35:49.966553 | ca970c16-2a06-41f4-8de2-202f03358b71 ==============================
[0m15:35:49.966553 [info ] [MainThread]: Running with dbt=1.11.11
[0m15:35:49.968797 [debug] [MainThread]: running dbt with arguments {'quiet': 'False', 'version_check': 'True', 'introspect': 'True', 'cache_selected_only': 'False', 'printer_width': '80', 'use_experimental_parser': 'False', 'static_parser': 'True', 'log_path': '/home/ffkhr/Documents/nusacode-de-beginner/pertemuan-05-06-dbt/logs', 'warn_error': 'None', 'target_path': 'None', 'indirect_selection': 'eager', 'partial_parse': 'True', 'empty': 'False', 'invocation_command': 'dbt run --select stg_customers', 'log_format': 'default', 'debug': 'False', 'use_colors': 'True', 'write_json': 'True', 'fail_fast': 'False', 'no_print': 'None', 'send_anonymous_usage_stats': 'True', 'log_cache_events': 'False', 'profiles_dir': '/home/ffkhr/Documents/nusacode-de-beginner/pertemuan-05-06-dbt', 'warn_error_options': 'WarnErrorOptionsV2(error=[], warn=[], silence=[])'}
[0m15:35:50.342919 [debug] [MainThread]: Sending event: {'category': 'dbt', 'action': 'project_id', 'label': 'ca970c16-2a06-41f4-8de2-202f03358b71', 'context': [<snowplow_tracker.self_describing_json.SelfDescribingJson object at 0x7fc13451e750>]}
[0m15:35:50.493386 [debug] [MainThread]: Sending event: {'category': 'dbt', 'action': 'adapter_info', 'label': 'ca970c16-2a06-41f4-8de2-202f03358b71', 'context': [<snowplow_tracker.self_describing_json.SelfDescribingJson object at 0x7fc13484eed0>]}
[0m15:35:50.495049 [info ] [MainThread]: Registered adapter: postgres=1.10.1
[0m15:35:50.652728 [debug] [MainThread]: checksum: 30a8cc8fdcbf66701b0944d4ccce3fa46dd04b61e5df68b9f16d57b2e0e3f0be, vars: {}, profile: , target: , version: 1.11.11
[0m15:35:50.923245 [debug] [MainThread]: Partial parsing enabled: 0 files deleted, 0 files added, 1 files changed.
[0m15:35:50.927332 [debug] [MainThread]: Partial parsing: updated file: nusacode_de://models/staging/schema.yml
[0m15:35:52.745508 [error] [MainThread]: Encountered an error:
Compilation Error
  Model 'model.nusacode_de.stg_customers' (models/staging/stg_customers.sql) depends on a source named 'raw_schema.dim_customer' which was not found
[0m15:35:52.748118 [debug] [MainThread]: Resource report: {"command_name": "run", "command_success": false, "command_wall_clock_time": 2.9196727, "process_in_blocks": "0", "process_kernel_time": 0.534817, "process_mem_max_rss": "138840", "process_out_blocks": "8", "process_user_time": 8.435127}
[0m15:35:52.749423 [debug] [MainThread]: Command `dbt run` failed at 15:35:52.749164 after 2.92 seconds
[0m15:35:52.750479 [debug] [MainThread]: Sending event: {'category': 'dbt', 'action': 'invocation', 'label': 'end', 'context': [<snowplow_tracker.self_describing_json.SelfDescribingJson object at 0x7fc13459e930>, <snowplow_tracker.self_describing_json.SelfDescribingJson object at 0x7fc131fa6180>, <snowplow_tracker.self_describing_json.SelfDescribingJson object at 0x7fc131fa6db0>]}
[0m15:35:52.751642 [debug] [MainThread]: Flushing usage events
[0m15:35:54.112081 [debug] [MainThread]: An error was encountered while trying to flush usage events
[0m15:36:19.828450 [debug] [MainThread]: Sending event: {'category': 'dbt', 'action': 'invocation', 'label': 'start', 'context': [<snowplow_tracker.self_describing_json.SelfDescribingJson object at 0x701a30e47e30>, <snowplow_tracker.self_describing_json.SelfDescribingJson object at 0x701a30879ee0>, <snowplow_tracker.self_describing_json.SelfDescribingJson object at 0x701a305a43b0>]}


============================== 15:36:19.834556 | 70be69a4-836f-48f2-8c5d-d437e48ef4f3 ==============================
[0m15:36:19.834556 [info ] [MainThread]: Running with dbt=1.11.11
[0m15:36:19.835783 [debug] [MainThread]: running dbt with arguments {'version_check': 'True', 'use_colors': 'True', 'warn_error_options': 'WarnErrorOptionsV2(error=[], warn=[], silence=[])', 'send_anonymous_usage_stats': 'True', 'fail_fast': 'False', 'log_cache_events': 'False', 'debug': 'False', 'target_path': 'None', 'partial_parse': 'True', 'log_path': '/home/ffkhr/Documents/nusacode-de-beginner/pertemuan-05-06-dbt/logs', 'write_json': 'True', 'introspect': 'True', 'indirect_selection': 'eager', 'warn_error': 'None', 'invocation_command': 'dbt run --select stg_customers', 'quiet': 'False', 'use_experimental_parser': 'False', 'static_parser': 'True', 'empty': 'False', 'no_print': 'None', 'printer_width': '80', 'profiles_dir': '/home/ffkhr/Documents/nusacode-de-beginner/pertemuan-05-06-dbt', 'log_format': 'default', 'cache_selected_only': 'False'}
[0m15:36:20.167017 [debug] [MainThread]: Sending event: {'category': 'dbt', 'action': 'project_id', 'label': '70be69a4-836f-48f2-8c5d-d437e48ef4f3', 'context': [<snowplow_tracker.self_describing_json.SelfDescribingJson object at 0x701a3290b6b0>]}
[0m15:36:20.309431 [debug] [MainThread]: Sending event: {'category': 'dbt', 'action': 'adapter_info', 'label': '70be69a4-836f-48f2-8c5d-d437e48ef4f3', 'context': [<snowplow_tracker.self_describing_json.SelfDescribingJson object at 0x701a305582f0>]}
[0m15:36:20.311142 [info ] [MainThread]: Registered adapter: postgres=1.10.1
[0m15:36:20.464402 [debug] [MainThread]: checksum: 30a8cc8fdcbf66701b0944d4ccce3fa46dd04b61e5df68b9f16d57b2e0e3f0be, vars: {}, profile: , target: , version: 1.11.11
[0m15:36:20.702405 [debug] [MainThread]: Partial parsing enabled: 0 files deleted, 0 files added, 2 files changed.
[0m15:36:20.706004 [debug] [MainThread]: Partial parsing: updated file: nusacode_de://models/staging/schema.yml
[0m15:36:20.707051 [debug] [MainThread]: Partial parsing: updated file: nusacode_de://models/staging/stg_customers.sql
[0m15:36:21.982569 [error] [MainThread]: Encountered an error:
Compilation Error
  Model 'model.nusacode_de.stg_products' (models/staging/stg_products.sql) depends on a source named 'raw_schema.dim_product' which was not found
[0m15:36:21.984843 [debug] [MainThread]: Resource report: {"command_name": "run", "command_success": false, "command_wall_clock_time": 2.2616751, "process_in_blocks": "0", "process_kernel_time": 0.492005, "process_mem_max_rss": "138892", "process_out_blocks": "8", "process_user_time": 7.248343}
[0m15:36:21.985959 [debug] [MainThread]: Command `dbt run` failed at 15:36:21.985779 after 2.26 seconds
[0m15:36:21.986764 [debug] [MainThread]: Sending event: {'category': 'dbt', 'action': 'invocation', 'label': 'end', 'context': [<snowplow_tracker.self_describing_json.SelfDescribingJson object at 0x701a2fb6fce0>, <snowplow_tracker.self_describing_json.SelfDescribingJson object at 0x701a2d5f7740>, <snowplow_tracker.self_describing_json.SelfDescribingJson object at 0x701a2d5f6b70>]}
[0m15:36:21.987511 [debug] [MainThread]: Flushing usage events
[0m15:36:26.337736 [debug] [MainThread]: An error was encountered while trying to flush usage events
[0m15:38:10.982782 [debug] [MainThread]: Sending event: {'category': 'dbt', 'action': 'invocation', 'label': 'start', 'context': [<snowplow_tracker.self_describing_json.SelfDescribingJson object at 0x71d2fc0db830>, <snowplow_tracker.self_describing_json.SelfDescribingJson object at 0x71d2fdd99c70>, <snowplow_tracker.self_describing_json.SelfDescribingJson object at 0x71d2fb0a7fe0>]}


============================== 15:38:10.989165 | f3214351-4caa-4ab8-9aef-3a36ac7008f4 ==============================
[0m15:38:10.989165 [info ] [MainThread]: Running with dbt=1.11.11
[0m15:38:10.990453 [debug] [MainThread]: running dbt with arguments {'use_colors': 'True', 'partial_parse': 'True', 'debug': 'False', 'printer_width': '80', 'target_path': 'None', 'static_parser': 'True', 'log_cache_events': 'False', 'fail_fast': 'False', 'empty': 'False', 'invocation_command': 'dbt run --select stg_customers', 'no_print': 'None', 'quiet': 'False', 'cache_selected_only': 'False', 'introspect': 'True', 'log_path': '/home/ffkhr/Documents/nusacode-de-beginner/pertemuan-05-06-dbt/logs', 'log_format': 'default', 'warn_error_options': 'WarnErrorOptionsV2(error=[], warn=[], silence=[])', 'warn_error': 'None', 'send_anonymous_usage_stats': 'True', 'write_json': 'True', 'indirect_selection': 'eager', 'use_experimental_parser': 'False', 'version_check': 'True', 'profiles_dir': '/home/ffkhr/Documents/nusacode-de-beginner/pertemuan-05-06-dbt'}
[0m15:38:11.334864 [debug] [MainThread]: Sending event: {'category': 'dbt', 'action': 'project_id', 'label': 'f3214351-4caa-4ab8-9aef-3a36ac7008f4', 'context': [<snowplow_tracker.self_describing_json.SelfDescribingJson object at 0x71d2fd82c8f0>]}
[0m15:38:11.485197 [debug] [MainThread]: Sending event: {'category': 'dbt', 'action': 'adapter_info', 'label': 'f3214351-4caa-4ab8-9aef-3a36ac7008f4', 'context': [<snowplow_tracker.self_describing_json.SelfDescribingJson object at 0x71d2fad44590>]}
[0m15:38:11.487118 [info ] [MainThread]: Registered adapter: postgres=1.10.1
[0m15:38:11.640506 [debug] [MainThread]: checksum: 30a8cc8fdcbf66701b0944d4ccce3fa46dd04b61e5df68b9f16d57b2e0e3f0be, vars: {}, profile: , target: , version: 1.11.11
[0m15:38:11.901088 [debug] [MainThread]: Partial parsing enabled: 0 files deleted, 0 files added, 8 files changed.
[0m15:38:11.905063 [debug] [MainThread]: Partial parsing: updated file: nusacode_de://models/staging/schema.yml
[0m15:38:11.906115 [debug] [MainThread]: Partial parsing: updated file: nusacode_de://models/staging/stg_customers.sql
[0m15:38:11.906871 [debug] [MainThread]: Partial parsing: updated file: nusacode_de://models/staging/stg_products.sql
[0m15:38:11.907579 [debug] [MainThread]: Partial parsing: updated file: nusacode_de://models/staging/stg_order_items.sql
[0m15:38:11.908279 [debug] [MainThread]: Partial parsing: updated file: nusacode_de://models/staging/stg_reviews.sql
[0m15:38:11.908982 [debug] [MainThread]: Partial parsing: updated file: nusacode_de://models/staging/stg_sellers.sql
[0m15:38:11.909692 [debug] [MainThread]: Partial parsing: updated file: nusacode_de://models/staging/stg_payments.sql
[0m15:38:11.910385 [debug] [MainThread]: Partial parsing: updated file: nusacode_de://models/staging/stg_orders.sql
[0m15:38:13.438229 [debug] [MainThread]: Sending event: {'category': 'dbt', 'action': 'load_project', 'label': 'f3214351-4caa-4ab8-9aef-3a36ac7008f4', 'context': [<snowplow_tracker.self_describing_json.SelfDescribingJson object at 0x71d2f8b7a2a0>]}
[0m15:38:13.634818 [debug] [MainThread]: Wrote artifact WritableManifest to /home/ffkhr/Documents/nusacode-de-beginner/pertemuan-05-06-dbt/target/manifest.json
[0m15:38:13.639711 [debug] [MainThread]: Wrote artifact SemanticManifest to /home/ffkhr/Documents/nusacode-de-beginner/pertemuan-05-06-dbt/target/semantic_manifest.json
[0m15:38:13.665085 [debug] [MainThread]: Sending event: {'category': 'dbt', 'action': 'resource_counts', 'label': 'f3214351-4caa-4ab8-9aef-3a36ac7008f4', 'context': [<snowplow_tracker.self_describing_json.SelfDescribingJson object at 0x71d2f87b5a60>]}
[0m15:38:13.666557 [info ] [MainThread]: Found 13 models, 33 data tests, 8 sources, 475 macros
[0m15:38:13.667748 [debug] [MainThread]: Sending event: {'category': 'dbt', 'action': 'runnable_timing', 'label': 'f3214351-4caa-4ab8-9aef-3a36ac7008f4', 'context': [<snowplow_tracker.self_describing_json.SelfDescribingJson object at 0x71d2f8bec230>]}
[0m15:38:13.672626 [info ] [MainThread]: 
[0m15:38:13.674142 [info ] [MainThread]: Concurrency: 4 threads (target='dev')
[0m15:38:13.675230 [info ] [MainThread]: 
[0m15:38:13.676674 [debug] [MainThread]: Acquiring new postgres connection 'master'
[0m15:38:13.679153 [debug] [ThreadPool]: Acquiring new postgres connection 'list_dw_nusacode'
[0m15:38:13.761248 [debug] [ThreadPool]: Using postgres connection "list_dw_nusacode"
[0m15:38:13.762593 [debug] [ThreadPool]: On list_dw_nusacode: /* {"app": "dbt", "dbt_version": "1.11.11", "profile_name": "nusacode_de", "target_name": "dev", "connection_name": "list_dw_nusacode"} */

    select distinct nspname from pg_namespace
  
[0m15:38:13.763672 [debug] [ThreadPool]: Opening a new connection, currently in state init
[0m15:38:13.791485 [debug] [ThreadPool]: SQL status: SELECT 5 in 0.028 seconds
[0m15:38:13.795956 [debug] [ThreadPool]: On list_dw_nusacode: Close
[0m15:38:13.813372 [debug] [ThreadPool]: Re-using an available connection from the pool (formerly list_dw_nusacode, now list_dw_nusacode_dw_nusacode_dbt_marts)
[0m15:38:13.815686 [debug] [ThreadPool]: Acquiring new postgres connection 'list_dw_nusacode_dw_nusacode_dbt_staging'
[0m15:38:13.827960 [debug] [ThreadPool]: Acquiring new postgres connection 'list_dw_nusacode_dw_nusacode_dbt_intermediate'
[0m15:38:13.836712 [debug] [ThreadPool]: Using postgres connection "list_dw_nusacode_dw_nusacode_dbt_marts"
[0m15:38:13.842539 [debug] [ThreadPool]: Using postgres connection "list_dw_nusacode_dw_nusacode_dbt_staging"
[0m15:38:13.850392 [debug] [ThreadPool]: Using postgres connection "list_dw_nusacode_dw_nusacode_dbt_intermediate"
[0m15:38:13.851910 [debug] [ThreadPool]: On list_dw_nusacode_dw_nusacode_dbt_marts: /* {"app": "dbt", "dbt_version": "1.11.11", "profile_name": "nusacode_de", "target_name": "dev", "connection_name": "list_dw_nusacode_dw_nusacode_dbt_marts"} */
select
      'dw_nusacode' as database,
      tablename as name,
      schemaname as schema,
      'table' as type
    from pg_tables
    where schemaname ilike 'dw_nusacode_dbt_marts'
    union all
    select
      'dw_nusacode' as database,
      viewname as name,
      schemaname as schema,
      'view' as type
    from pg_views
    where schemaname ilike 'dw_nusacode_dbt_marts'
    union all
    select
      'dw_nusacode' as database,
      matviewname as name,
      schemaname as schema,
      'materialized_view' as type
    from pg_matviews
    where schemaname ilike 'dw_nusacode_dbt_marts'
  
[0m15:38:13.853795 [debug] [ThreadPool]: On list_dw_nusacode_dw_nusacode_dbt_staging: /* {"app": "dbt", "dbt_version": "1.11.11", "profile_name": "nusacode_de", "target_name": "dev", "connection_name": "list_dw_nusacode_dw_nusacode_dbt_staging"} */
select
      'dw_nusacode' as database,
      tablename as name,
      schemaname as schema,
      'table' as type
    from pg_tables
    where schemaname ilike 'dw_nusacode_dbt_staging'
    union all
    select
      'dw_nusacode' as database,
      viewname as name,
      schemaname as schema,
      'view' as type
    from pg_views
    where schemaname ilike 'dw_nusacode_dbt_staging'
    union all
    select
      'dw_nusacode' as database,
      matviewname as name,
      schemaname as schema,
      'materialized_view' as type
    from pg_matviews
    where schemaname ilike 'dw_nusacode_dbt_staging'
  
[0m15:38:13.855598 [debug] [ThreadPool]: On list_dw_nusacode_dw_nusacode_dbt_intermediate: /* {"app": "dbt", "dbt_version": "1.11.11", "profile_name": "nusacode_de", "target_name": "dev", "connection_name": "list_dw_nusacode_dw_nusacode_dbt_intermediate"} */
select
      'dw_nusacode' as database,
      tablename as name,
      schemaname as schema,
      'table' as type
    from pg_tables
    where schemaname ilike 'dw_nusacode_dbt_intermediate'
    union all
    select
      'dw_nusacode' as database,
      viewname as name,
      schemaname as schema,
      'view' as type
    from pg_views
    where schemaname ilike 'dw_nusacode_dbt_intermediate'
    union all
    select
      'dw_nusacode' as database,
      matviewname as name,
      schemaname as schema,
      'materialized_view' as type
    from pg_matviews
    where schemaname ilike 'dw_nusacode_dbt_intermediate'
  
[0m15:38:13.857263 [debug] [ThreadPool]: Opening a new connection, currently in state closed
[0m15:38:13.858485 [debug] [ThreadPool]: Opening a new connection, currently in state init
[0m15:38:13.860117 [debug] [ThreadPool]: Opening a new connection, currently in state init
[0m15:38:13.896011 [debug] [ThreadPool]: SQL status: SELECT 0 in 0.037 seconds
[0m15:38:13.896988 [debug] [ThreadPool]: SQL status: SELECT 0 in 0.040 seconds
[0m15:38:13.899940 [debug] [ThreadPool]: On list_dw_nusacode_dw_nusacode_dbt_staging: ROLLBACK
[0m15:38:13.901510 [debug] [ThreadPool]: SQL status: SELECT 0 in 0.041 seconds
[0m15:38:13.905291 [debug] [ThreadPool]: On list_dw_nusacode_dw_nusacode_dbt_marts: ROLLBACK
[0m15:38:13.909791 [debug] [ThreadPool]: On list_dw_nusacode_dw_nusacode_dbt_intermediate: ROLLBACK
[0m15:38:13.911177 [debug] [ThreadPool]: On list_dw_nusacode_dw_nusacode_dbt_staging: Close
[0m15:38:13.912811 [debug] [ThreadPool]: On list_dw_nusacode_dw_nusacode_dbt_intermediate: Close
[0m15:38:13.913687 [debug] [ThreadPool]: On list_dw_nusacode_dw_nusacode_dbt_marts: Close
[0m15:38:13.930453 [debug] [MainThread]: Using postgres connection "master"
[0m15:38:13.931957 [debug] [MainThread]: On master: /* {"app": "dbt", "dbt_version": "1.11.11", "profile_name": "nusacode_de", "target_name": "dev", "connection_name": "master"} */
select distinct
        dependent_namespace.nspname as dependent_schema,
        dependent_class.relname as dependent_name,
        referenced_namespace.nspname as referenced_schema,
        referenced_class.relname as referenced_name

    -- Query for views: views are entries in pg_class with an entry in pg_rewrite, but we avoid
    -- a seq scan on pg_rewrite by leveraging the fact there is an "internal" row in pg_depend for
    -- the view...
    from pg_class as dependent_class
    join pg_namespace as dependent_namespace on dependent_namespace.oid = dependent_class.relnamespace
    join pg_depend as dependent_depend on dependent_depend.refobjid = dependent_class.oid
        and dependent_depend.classid = 'pg_rewrite'::regclass
        and dependent_depend.refclassid = 'pg_class'::regclass
        and dependent_depend.deptype = 'i'

    -- ... and via pg_depend (that has a row per column, hence the need for "distinct" above, and
    -- making sure to exclude the internal row to avoid a view appearing to depend on itself)...
    join pg_depend as joining_depend on joining_depend.objid = dependent_depend.objid
        and joining_depend.classid = 'pg_rewrite'::regclass
        and joining_depend.refclassid = 'pg_class'::regclass
        and joining_depend.refobjid != dependent_depend.refobjid

    -- ... we can find the tables they query from in pg_class, but excluding system tables. Note we
    -- don't need need to exclude _dependent_ system tables, because they only query from other
    -- system tables, and so are automatically excluded by excluding _referenced_ system tables
    join pg_class as referenced_class on referenced_class.oid = joining_depend.refobjid
    join pg_namespace as referenced_namespace on referenced_namespace.oid = referenced_class.relnamespace
        and referenced_namespace.nspname != 'information_schema'
        and referenced_namespace.nspname not like 'pg\_%'

    order by
        dependent_schema, dependent_name, referenced_schema, referenced_name;
[0m15:38:13.933306 [debug] [MainThread]: Opening a new connection, currently in state init
[0m15:38:13.968338 [debug] [MainThread]: SQL status: SELECT 0 in 0.035 seconds
[0m15:38:13.972179 [debug] [MainThread]: Sending event: {'category': 'dbt', 'action': 'runnable_timing', 'label': 'f3214351-4caa-4ab8-9aef-3a36ac7008f4', 'context': [<snowplow_tracker.self_describing_json.SelfDescribingJson object at 0x71d2f931f350>]}
[0m15:38:13.974051 [debug] [MainThread]: On master: ROLLBACK
[0m15:38:13.976191 [debug] [MainThread]: On master: COMMIT
[0m15:38:13.977592 [debug] [MainThread]: Using postgres connection "master"
[0m15:38:13.978561 [debug] [MainThread]: On master: COMMIT
[0m15:38:13.980470 [debug] [MainThread]: SQL status: COMMIT in 0.001 seconds
[0m15:38:13.981602 [debug] [MainThread]: On master: Close
[0m15:38:13.991623 [debug] [Thread-1 (]: Began running node model.nusacode_de.stg_customers
[0m15:38:13.993902 [info ] [Thread-1 (]: 1 of 1 START sql view model dw_nusacode_dbt_staging.stg_customers .............. [RUN]
[0m15:38:13.995981 [debug] [Thread-1 (]: Re-using an available connection from the pool (formerly list_dw_nusacode_dw_nusacode_dbt_marts, now model.nusacode_de.stg_customers)
[0m15:38:13.997773 [debug] [Thread-1 (]: Began compiling node model.nusacode_de.stg_customers
[0m15:38:14.017576 [debug] [Thread-1 (]: Writing injected SQL for node "model.nusacode_de.stg_customers"
[0m15:38:14.019461 [debug] [Thread-1 (]: Began executing node model.nusacode_de.stg_customers
[0m15:38:14.114057 [debug] [Thread-1 (]: Writing runtime sql for node "model.nusacode_de.stg_customers"
[0m15:38:14.116427 [debug] [Thread-1 (]: Using postgres connection "model.nusacode_de.stg_customers"
[0m15:38:14.117964 [debug] [Thread-1 (]: On model.nusacode_de.stg_customers: /* {"app": "dbt", "dbt_version": "1.11.11", "profile_name": "nusacode_de", "target_name": "dev", "node_id": "model.nusacode_de.stg_customers"} */

  create view "dw_nusacode"."dw_nusacode_dbt_staging"."stg_customers__dbt_tmp"
    
    
  as (
    -- ============================================================================
-- Staging Model: stg_customers
-- Deskripsi    : Membersihkan dan menstandarisasi data pelanggan dari
--                raw_schema.dim_customer.
-- ============================================================================

WITH source AS (
    SELECT * FROM "dw_nusacode"."public"."dim_customer"
),

cleaned AS (
    SELECT
        customer_id,
        customer_unique_id,
        customer_zip_code_prefix,
        -- Trim whitespace dan standarisasi format kota
        TRIM(INITCAP(customer_city)) AS customer_city,
        -- Standarisasi state ke uppercase
        UPPER(TRIM(customer_state)) AS customer_state
    FROM source
)

SELECT * FROM cleaned
  );
[0m15:38:14.119424 [debug] [Thread-1 (]: Opening a new connection, currently in state closed
[0m15:38:14.155216 [debug] [Thread-1 (]: SQL status: CREATE VIEW in 0.035 seconds
[0m15:38:14.185054 [debug] [Thread-1 (]: Using postgres connection "model.nusacode_de.stg_customers"
[0m15:38:14.187109 [debug] [Thread-1 (]: On model.nusacode_de.stg_customers: /* {"app": "dbt", "dbt_version": "1.11.11", "profile_name": "nusacode_de", "target_name": "dev", "node_id": "model.nusacode_de.stg_customers"} */
alter table "dw_nusacode"."dw_nusacode_dbt_staging"."stg_customers__dbt_tmp" rename to "stg_customers"
[0m15:38:14.192148 [debug] [Thread-1 (]: SQL status: ALTER TABLE in 0.003 seconds
[0m15:38:14.256440 [debug] [Thread-1 (]: On model.nusacode_de.stg_customers: COMMIT
[0m15:38:14.259973 [debug] [Thread-1 (]: Using postgres connection "model.nusacode_de.stg_customers"
[0m15:38:14.262279 [debug] [Thread-1 (]: On model.nusacode_de.stg_customers: COMMIT
[0m15:38:14.270161 [debug] [Thread-1 (]: SQL status: COMMIT in 0.006 seconds
[0m15:38:14.287504 [debug] [Thread-1 (]: Applying DROP to: "dw_nusacode"."dw_nusacode_dbt_staging"."stg_customers__dbt_backup"
[0m15:38:14.305073 [debug] [Thread-1 (]: Using postgres connection "model.nusacode_de.stg_customers"
[0m15:38:14.306926 [debug] [Thread-1 (]: On model.nusacode_de.stg_customers: /* {"app": "dbt", "dbt_version": "1.11.11", "profile_name": "nusacode_de", "target_name": "dev", "node_id": "model.nusacode_de.stg_customers"} */
drop view if exists "dw_nusacode"."dw_nusacode_dbt_staging"."stg_customers__dbt_backup" cascade
[0m15:38:14.309606 [debug] [Thread-1 (]: SQL status: DROP VIEW in 0.001 seconds
[0m15:38:14.315726 [debug] [Thread-1 (]: On model.nusacode_de.stg_customers: Close
[0m15:38:14.320760 [debug] [Thread-1 (]: Sending event: {'category': 'dbt', 'action': 'run_model', 'label': 'f3214351-4caa-4ab8-9aef-3a36ac7008f4', 'context': [<snowplow_tracker.self_describing_json.SelfDescribingJson object at 0x71d2fdb82390>]}
[0m15:38:14.323541 [info ] [Thread-1 (]: 1 of 1 OK created sql view model dw_nusacode_dbt_staging.stg_customers ......... [[32mCREATE VIEW[0m in 0.32s]
[0m15:38:14.325421 [debug] [Thread-1 (]: Finished running node model.nusacode_de.stg_customers
[0m15:38:14.328872 [debug] [MainThread]: On master: COMMIT
[0m15:38:14.330044 [debug] [MainThread]: Using postgres connection "master"
[0m15:38:14.331359 [debug] [MainThread]: On master: COMMIT
[0m15:38:14.332380 [debug] [MainThread]: Opening a new connection, currently in state closed
[0m15:38:14.350184 [debug] [MainThread]: SQL status: COMMIT in 0.018 seconds
[0m15:38:14.351613 [debug] [MainThread]: On master: Close
[0m15:38:14.353082 [debug] [MainThread]: Connection 'master' was properly closed.
[0m15:38:14.354299 [debug] [MainThread]: Connection 'model.nusacode_de.stg_customers' was properly closed.
[0m15:38:14.355777 [debug] [MainThread]: Connection 'list_dw_nusacode_dw_nusacode_dbt_staging' was properly closed.
[0m15:38:14.357704 [debug] [MainThread]: Connection 'list_dw_nusacode_dw_nusacode_dbt_intermediate' was properly closed.
[0m15:38:14.359562 [info ] [MainThread]: 
[0m15:38:14.361134 [info ] [MainThread]: Finished running 1 view model in 0 hours 0 minutes and 0.68 seconds (0.68s).
[0m15:38:14.364141 [debug] [MainThread]: Command end result
[0m15:38:14.456276 [debug] [MainThread]: Wrote artifact WritableManifest to /home/ffkhr/Documents/nusacode-de-beginner/pertemuan-05-06-dbt/target/manifest.json
[0m15:38:14.461590 [debug] [MainThread]: Wrote artifact SemanticManifest to /home/ffkhr/Documents/nusacode-de-beginner/pertemuan-05-06-dbt/target/semantic_manifest.json
[0m15:38:14.475548 [debug] [MainThread]: Wrote artifact RunExecutionResult to /home/ffkhr/Documents/nusacode-de-beginner/pertemuan-05-06-dbt/target/run_results.json
[0m15:38:14.476666 [info ] [MainThread]: 
[0m15:38:14.477796 [info ] [MainThread]: [32mCompleted successfully[0m
[0m15:38:14.478763 [info ] [MainThread]: 
[0m15:38:14.479720 [info ] [MainThread]: Done. PASS=1 WARN=0 ERROR=0 SKIP=0 NO-OP=0 TOTAL=1
[0m15:38:14.481997 [debug] [MainThread]: Resource report: {"command_name": "run", "command_success": true, "command_wall_clock_time": 3.6158528, "process_in_blocks": "0", "process_kernel_time": 0.540968, "process_mem_max_rss": "151604", "process_out_blocks": "3784", "process_user_time": 8.158442}
[0m15:38:14.483269 [debug] [MainThread]: Command `dbt run` succeeded at 15:38:14.483015 after 3.62 seconds
[0m15:38:14.484591 [debug] [MainThread]: Sending event: {'category': 'dbt', 'action': 'invocation', 'label': 'end', 'context': [<snowplow_tracker.self_describing_json.SelfDescribingJson object at 0x71d3001dc110>, <snowplow_tracker.self_describing_json.SelfDescribingJson object at 0x71d2f93b8aa0>, <snowplow_tracker.self_describing_json.SelfDescribingJson object at 0x71d2f93b8e60>]}
[0m15:38:14.486444 [debug] [MainThread]: Flushing usage events
[0m15:38:17.736224 [debug] [MainThread]: An error was encountered while trying to flush usage events
[0m15:42:10.781904 [debug] [MainThread]: Sending event: {'category': 'dbt', 'action': 'invocation', 'label': 'start', 'context': [<snowplow_tracker.self_describing_json.SelfDescribingJson object at 0x790f457ce120>, <snowplow_tracker.self_describing_json.SelfDescribingJson object at 0x790f45328770>, <snowplow_tracker.self_describing_json.SelfDescribingJson object at 0x790f45ca9a60>]}


============================== 15:42:10.787828 | c838d070-08cc-4d59-a8f3-3b9c61b0b9b3 ==============================
[0m15:42:10.787828 [info ] [MainThread]: Running with dbt=1.11.11
[0m15:42:10.788975 [debug] [MainThread]: running dbt with arguments {'no_print': 'None', 'debug': 'False', 'log_format': 'default', 'warn_error': 'None', 'use_experimental_parser': 'False', 'send_anonymous_usage_stats': 'True', 'log_cache_events': 'False', 'printer_width': '80', 'quiet': 'False', 'version_check': 'True', 'target_path': 'None', 'use_colors': 'True', 'indirect_selection': 'eager', 'log_path': '/home/ffkhr/Documents/nusacode-de-beginner/pertemuan-05-06-dbt/logs', 'fail_fast': 'False', 'warn_error_options': 'WarnErrorOptionsV2(error=[], warn=[], silence=[])', 'cache_selected_only': 'False', 'partial_parse': 'True', 'empty': 'False', 'profiles_dir': '/home/ffkhr/Documents/nusacode-de-beginner/pertemuan-05-06-dbt', 'invocation_command': 'dbt run --select stg_customers', 'introspect': 'True', 'write_json': 'True', 'static_parser': 'True'}
[0m15:42:11.110088 [debug] [MainThread]: Sending event: {'category': 'dbt', 'action': 'project_id', 'label': 'c838d070-08cc-4d59-a8f3-3b9c61b0b9b3', 'context': [<snowplow_tracker.self_describing_json.SelfDescribingJson object at 0x790f47a4eb10>]}
[0m15:42:11.227007 [debug] [MainThread]: Sending event: {'category': 'dbt', 'action': 'adapter_info', 'label': 'c838d070-08cc-4d59-a8f3-3b9c61b0b9b3', 'context': [<snowplow_tracker.self_describing_json.SelfDescribingJson object at 0x790f449507a0>]}
[0m15:42:11.228818 [info ] [MainThread]: Registered adapter: postgres=1.10.1
[0m15:42:11.380697 [debug] [MainThread]: checksum: 30a8cc8fdcbf66701b0944d4ccce3fa46dd04b61e5df68b9f16d57b2e0e3f0be, vars: {}, profile: , target: , version: 1.11.11
[0m15:42:11.599260 [info ] [MainThread]: Unable to do partial parsing because profile has changed
[0m15:42:11.600299 [info ] [MainThread]: Unable to do partial parsing because a project config has changed
[0m15:42:11.601088 [debug] [MainThread]: Sending event: {'category': 'dbt', 'action': 'partial_parser', 'label': 'c838d070-08cc-4d59-a8f3-3b9c61b0b9b3', 'context': [<snowplow_tracker.self_describing_json.SelfDescribingJson object at 0x790f455debd0>]}
[0m15:42:14.498087 [debug] [MainThread]: Sending event: {'category': 'dbt', 'action': 'load_project', 'label': 'c838d070-08cc-4d59-a8f3-3b9c61b0b9b3', 'context': [<snowplow_tracker.self_describing_json.SelfDescribingJson object at 0x790f4294ff50>]}
[0m15:42:14.688043 [debug] [MainThread]: Wrote artifact WritableManifest to /home/ffkhr/Documents/nusacode-de-beginner/pertemuan-05-06-dbt/target/manifest.json
[0m15:42:14.692911 [debug] [MainThread]: Wrote artifact SemanticManifest to /home/ffkhr/Documents/nusacode-de-beginner/pertemuan-05-06-dbt/target/semantic_manifest.json
[0m15:42:14.717031 [debug] [MainThread]: Sending event: {'category': 'dbt', 'action': 'resource_counts', 'label': 'c838d070-08cc-4d59-a8f3-3b9c61b0b9b3', 'context': [<snowplow_tracker.self_describing_json.SelfDescribingJson object at 0x790f42575850>]}
[0m15:42:14.718382 [info ] [MainThread]: Found 13 models, 33 data tests, 8 sources, 475 macros
[0m15:42:14.719388 [debug] [MainThread]: Sending event: {'category': 'dbt', 'action': 'runnable_timing', 'label': 'c838d070-08cc-4d59-a8f3-3b9c61b0b9b3', 'context': [<snowplow_tracker.self_describing_json.SelfDescribingJson object at 0x790f4259bec0>]}
[0m15:42:14.724096 [info ] [MainThread]: 
[0m15:42:14.725199 [info ] [MainThread]: Concurrency: 4 threads (target='dev')
[0m15:42:14.726156 [info ] [MainThread]: 
[0m15:42:14.727651 [debug] [MainThread]: Acquiring new postgres connection 'master'
[0m15:42:14.730601 [debug] [ThreadPool]: Acquiring new postgres connection 'list_public'
[0m15:42:14.805339 [debug] [ThreadPool]: Using postgres connection "list_public"
[0m15:42:14.806813 [debug] [ThreadPool]: On list_public: /* {"app": "dbt", "dbt_version": "1.11.11", "profile_name": "nusacode_de", "target_name": "dev", "connection_name": "list_public"} */

    select distinct nspname from pg_namespace
  
[0m15:42:14.807983 [debug] [ThreadPool]: Opening a new connection, currently in state init
[0m15:42:14.829484 [debug] [ThreadPool]: Postgres adapter: Got a retryable error when attempting to open a postgres connection.
1 attempts remaining. Retrying in 0 seconds.
Error:
connection to server at "localhost" (127.0.0.1), port 5432 failed: FATAL:  database "public" does not exist

[0m15:42:14.844533 [debug] [ThreadPool]: Postgres adapter: Error running SQL: /* {"app": "dbt", "dbt_version": "1.11.11", "profile_name": "nusacode_de", "target_name": "dev", "connection_name": "list_public"} */

    select distinct nspname from pg_namespace
  
[0m15:42:14.845565 [debug] [ThreadPool]: Postgres adapter: Rolling back transaction.
[0m15:42:14.846482 [debug] [ThreadPool]: Postgres adapter: Error running SQL: macro list_schemas
[0m15:42:14.847145 [debug] [ThreadPool]: Postgres adapter: Rolling back transaction.
[0m15:42:14.847944 [debug] [ThreadPool]: On list_public: No close available on handle
[0m15:42:14.849522 [debug] [MainThread]: Connection 'master' was properly closed.
[0m15:42:14.850226 [debug] [MainThread]: Connection 'list_public' was properly closed.
[0m15:42:14.850897 [info ] [MainThread]: 
[0m15:42:14.851627 [info ] [MainThread]: Finished running  in 0 hours 0 minutes and 0.12 seconds (0.12s).
[0m15:42:14.852676 [error] [MainThread]: Encountered an error:
Database Error
  connection to server at "localhost" (127.0.0.1), port 5432 failed: FATAL:  database "public" does not exist
  
[0m15:42:14.854650 [debug] [MainThread]: Resource report: {"command_name": "run", "command_success": false, "command_wall_clock_time": 4.1917853, "process_in_blocks": "0", "process_kernel_time": 0.536354, "process_mem_max_rss": "149592", "process_out_blocks": "2512", "process_user_time": 9.152976}
[0m15:42:14.855710 [debug] [MainThread]: Command `dbt run` failed at 15:42:14.855536 after 4.19 seconds
[0m15:42:14.856573 [debug] [MainThread]: Sending event: {'category': 'dbt', 'action': 'invocation', 'label': 'end', 'context': [<snowplow_tracker.self_describing_json.SelfDescribingJson object at 0x790f44fc1b20>, <snowplow_tracker.self_describing_json.SelfDescribingJson object at 0x790f429db170>, <snowplow_tracker.self_describing_json.SelfDescribingJson object at 0x790f4211c230>]}
[0m15:42:14.857600 [debug] [MainThread]: Flushing usage events
[0m15:42:18.134830 [debug] [MainThread]: An error was encountered while trying to flush usage events
[0m15:43:04.687832 [debug] [MainThread]: Sending event: {'category': 'dbt', 'action': 'invocation', 'label': 'start', 'context': [<snowplow_tracker.self_describing_json.SelfDescribingJson object at 0x7d4a70219700>, <snowplow_tracker.self_describing_json.SelfDescribingJson object at 0x7d4a70d8ec00>, <snowplow_tracker.self_describing_json.SelfDescribingJson object at 0x7d4a6fe76d50>]}


============================== 15:43:04.693819 | f0f03b42-f91a-41d0-9a88-4d3d15a0bd81 ==============================
[0m15:43:04.693819 [info ] [MainThread]: Running with dbt=1.11.11
[0m15:43:04.695014 [debug] [MainThread]: running dbt with arguments {'version_check': 'True', 'warn_error_options': 'WarnErrorOptionsV2(error=[], warn=[], silence=[])', 'write_json': 'True', 'log_path': '/home/ffkhr/Documents/nusacode-de-beginner/pertemuan-05-06-dbt/logs', 'static_parser': 'True', 'introspect': 'True', 'empty': 'False', 'printer_width': '80', 'fail_fast': 'False', 'warn_error': 'None', 'indirect_selection': 'eager', 'log_cache_events': 'False', 'send_anonymous_usage_stats': 'True', 'log_format': 'default', 'use_experimental_parser': 'False', 'cache_selected_only': 'False', 'use_colors': 'True', 'partial_parse': 'True', 'invocation_command': 'dbt run --select stg_customers', 'quiet': 'False', 'no_print': 'None', 'target_path': 'None', 'profiles_dir': '/home/ffkhr/Documents/nusacode-de-beginner/pertemuan-05-06-dbt', 'debug': 'False'}
[0m15:43:05.024537 [debug] [MainThread]: Sending event: {'category': 'dbt', 'action': 'project_id', 'label': 'f0f03b42-f91a-41d0-9a88-4d3d15a0bd81', 'context': [<snowplow_tracker.self_describing_json.SelfDescribingJson object at 0x7d4a6fcfe870>]}
[0m15:43:05.168963 [debug] [MainThread]: Sending event: {'category': 'dbt', 'action': 'adapter_info', 'label': 'f0f03b42-f91a-41d0-9a88-4d3d15a0bd81', 'context': [<snowplow_tracker.self_describing_json.SelfDescribingJson object at 0x7d4a728f6ed0>]}
[0m15:43:05.170800 [info ] [MainThread]: Registered adapter: postgres=1.10.1
[0m15:43:05.322129 [debug] [MainThread]: checksum: 30a8cc8fdcbf66701b0944d4ccce3fa46dd04b61e5df68b9f16d57b2e0e3f0be, vars: {}, profile: , target: , version: 1.11.11
[0m15:43:05.522782 [info ] [MainThread]: Unable to do partial parsing because profile has changed
[0m15:43:05.523836 [debug] [MainThread]: Sending event: {'category': 'dbt', 'action': 'partial_parser', 'label': 'f0f03b42-f91a-41d0-9a88-4d3d15a0bd81', 'context': [<snowplow_tracker.self_describing_json.SelfDescribingJson object at 0x7d4a6e3209b0>]}
[0m15:43:08.349334 [debug] [MainThread]: Sending event: {'category': 'dbt', 'action': 'load_project', 'label': 'f0f03b42-f91a-41d0-9a88-4d3d15a0bd81', 'context': [<snowplow_tracker.self_describing_json.SelfDescribingJson object at 0x7d4a6d799eb0>]}
[0m15:43:08.523781 [debug] [MainThread]: Wrote artifact WritableManifest to /home/ffkhr/Documents/nusacode-de-beginner/pertemuan-05-06-dbt/target/manifest.json
[0m15:43:08.528204 [debug] [MainThread]: Wrote artifact SemanticManifest to /home/ffkhr/Documents/nusacode-de-beginner/pertemuan-05-06-dbt/target/semantic_manifest.json
[0m15:43:08.550244 [debug] [MainThread]: Sending event: {'category': 'dbt', 'action': 'resource_counts', 'label': 'f0f03b42-f91a-41d0-9a88-4d3d15a0bd81', 'context': [<snowplow_tracker.self_describing_json.SelfDescribingJson object at 0x7d4a6d3c38c0>]}
[0m15:43:08.551500 [info ] [MainThread]: Found 13 models, 33 data tests, 8 sources, 475 macros
[0m15:43:08.552290 [debug] [MainThread]: Sending event: {'category': 'dbt', 'action': 'runnable_timing', 'label': 'f0f03b42-f91a-41d0-9a88-4d3d15a0bd81', 'context': [<snowplow_tracker.self_describing_json.SelfDescribingJson object at 0x7d4a6d3cd010>]}
[0m15:43:08.556992 [info ] [MainThread]: 
[0m15:43:08.558071 [info ] [MainThread]: Concurrency: 4 threads (target='dev')
[0m15:43:08.558812 [info ] [MainThread]: 
[0m15:43:08.560182 [debug] [MainThread]: Acquiring new postgres connection 'master'
[0m15:43:08.563056 [debug] [ThreadPool]: Acquiring new postgres connection 'list_dw_nusacode'
[0m15:43:08.633837 [debug] [ThreadPool]: Using postgres connection "list_dw_nusacode"
[0m15:43:08.635152 [debug] [ThreadPool]: On list_dw_nusacode: /* {"app": "dbt", "dbt_version": "1.11.11", "profile_name": "nusacode_de", "target_name": "dev", "connection_name": "list_dw_nusacode"} */

    select distinct nspname from pg_namespace
  
[0m15:43:08.636202 [debug] [ThreadPool]: Opening a new connection, currently in state init
[0m15:43:08.660528 [debug] [ThreadPool]: SQL status: SELECT 5 in 0.024 seconds
[0m15:43:08.663582 [debug] [ThreadPool]: On list_dw_nusacode: Close
[0m15:43:08.665365 [debug] [ThreadPool]: Re-using an available connection from the pool (formerly list_dw_nusacode, now create_dw_nusacode_public_dbt_nusacode)
[0m15:43:08.666801 [debug] [ThreadPool]: Creating schema "database: "dw_nusacode"
schema: "public_dbt_nusacode"
"
[0m15:43:08.678881 [debug] [ThreadPool]: Using postgres connection "create_dw_nusacode_public_dbt_nusacode"
[0m15:43:08.679909 [debug] [ThreadPool]: On create_dw_nusacode_public_dbt_nusacode: /* {"app": "dbt", "dbt_version": "1.11.11", "profile_name": "nusacode_de", "target_name": "dev", "connection_name": "create_dw_nusacode_public_dbt_nusacode"} */
create schema if not exists "public_dbt_nusacode"
[0m15:43:08.680603 [debug] [ThreadPool]: Opening a new connection, currently in state closed
[0m15:43:08.701964 [debug] [ThreadPool]: SQL status: CREATE SCHEMA in 0.021 seconds
[0m15:43:08.703983 [debug] [ThreadPool]: On create_dw_nusacode_public_dbt_nusacode: COMMIT
[0m15:43:08.704722 [debug] [ThreadPool]: Using postgres connection "create_dw_nusacode_public_dbt_nusacode"
[0m15:43:08.705324 [debug] [ThreadPool]: On create_dw_nusacode_public_dbt_nusacode: COMMIT
[0m15:43:08.711116 [debug] [ThreadPool]: SQL status: COMMIT in 0.005 seconds
[0m15:43:08.712415 [debug] [ThreadPool]: On create_dw_nusacode_public_dbt_nusacode: Close
[0m15:43:08.728742 [debug] [ThreadPool]: Re-using an available connection from the pool (formerly create_dw_nusacode_public_dbt_nusacode, now list_dw_nusacode_public_dbt_intermediate)
[0m15:43:08.730741 [debug] [ThreadPool]: Acquiring new postgres connection 'list_dw_nusacode_public_dbt_nusacode'
[0m15:43:08.737735 [debug] [ThreadPool]: Acquiring new postgres connection 'list_dw_nusacode_public_dbt_marts'
[0m15:43:08.753828 [debug] [ThreadPool]: Using postgres connection "list_dw_nusacode_public_dbt_intermediate"
[0m15:43:08.760274 [debug] [ThreadPool]: Using postgres connection "list_dw_nusacode_public_dbt_nusacode"
[0m15:43:08.766358 [debug] [ThreadPool]: Using postgres connection "list_dw_nusacode_public_dbt_marts"
[0m15:43:08.767803 [debug] [ThreadPool]: On list_dw_nusacode_public_dbt_intermediate: /* {"app": "dbt", "dbt_version": "1.11.11", "profile_name": "nusacode_de", "target_name": "dev", "connection_name": "list_dw_nusacode_public_dbt_intermediate"} */
select
      'dw_nusacode' as database,
      tablename as name,
      schemaname as schema,
      'table' as type
    from pg_tables
    where schemaname ilike 'public_dbt_intermediate'
    union all
    select
      'dw_nusacode' as database,
      viewname as name,
      schemaname as schema,
      'view' as type
    from pg_views
    where schemaname ilike 'public_dbt_intermediate'
    union all
    select
      'dw_nusacode' as database,
      matviewname as name,
      schemaname as schema,
      'materialized_view' as type
    from pg_matviews
    where schemaname ilike 'public_dbt_intermediate'
  
[0m15:43:08.769146 [debug] [ThreadPool]: On list_dw_nusacode_public_dbt_nusacode: /* {"app": "dbt", "dbt_version": "1.11.11", "profile_name": "nusacode_de", "target_name": "dev", "connection_name": "list_dw_nusacode_public_dbt_nusacode"} */
select
      'dw_nusacode' as database,
      tablename as name,
      schemaname as schema,
      'table' as type
    from pg_tables
    where schemaname ilike 'public_dbt_nusacode'
    union all
    select
      'dw_nusacode' as database,
      viewname as name,
      schemaname as schema,
      'view' as type
    from pg_views
    where schemaname ilike 'public_dbt_nusacode'
    union all
    select
      'dw_nusacode' as database,
      matviewname as name,
      schemaname as schema,
      'materialized_view' as type
    from pg_matviews
    where schemaname ilike 'public_dbt_nusacode'
  
[0m15:43:08.770589 [debug] [ThreadPool]: On list_dw_nusacode_public_dbt_marts: /* {"app": "dbt", "dbt_version": "1.11.11", "profile_name": "nusacode_de", "target_name": "dev", "connection_name": "list_dw_nusacode_public_dbt_marts"} */
select
      'dw_nusacode' as database,
      tablename as name,
      schemaname as schema,
      'table' as type
    from pg_tables
    where schemaname ilike 'public_dbt_marts'
    union all
    select
      'dw_nusacode' as database,
      viewname as name,
      schemaname as schema,
      'view' as type
    from pg_views
    where schemaname ilike 'public_dbt_marts'
    union all
    select
      'dw_nusacode' as database,
      matviewname as name,
      schemaname as schema,
      'materialized_view' as type
    from pg_matviews
    where schemaname ilike 'public_dbt_marts'
  
[0m15:43:08.771890 [debug] [ThreadPool]: Opening a new connection, currently in state closed
[0m15:43:08.772806 [debug] [ThreadPool]: Opening a new connection, currently in state init
[0m15:43:08.774109 [debug] [ThreadPool]: Opening a new connection, currently in state init
[0m15:43:08.802308 [debug] [ThreadPool]: SQL status: SELECT 0 in 0.029 seconds
[0m15:43:08.803263 [debug] [ThreadPool]: SQL status: SELECT 0 in 0.031 seconds
[0m15:43:08.806282 [debug] [ThreadPool]: On list_dw_nusacode_public_dbt_nusacode: ROLLBACK
[0m15:43:08.811654 [debug] [ThreadPool]: On list_dw_nusacode_public_dbt_intermediate: ROLLBACK
[0m15:43:08.814178 [debug] [ThreadPool]: On list_dw_nusacode_public_dbt_intermediate: Close
[0m15:43:08.815514 [debug] [ThreadPool]: On list_dw_nusacode_public_dbt_nusacode: Close
[0m15:43:08.821813 [debug] [ThreadPool]: SQL status: SELECT 0 in 0.048 seconds
[0m15:43:08.824765 [debug] [ThreadPool]: On list_dw_nusacode_public_dbt_marts: ROLLBACK
[0m15:43:08.826047 [debug] [ThreadPool]: On list_dw_nusacode_public_dbt_marts: Close
[0m15:43:08.836412 [debug] [MainThread]: Using postgres connection "master"
[0m15:43:08.837503 [debug] [MainThread]: On master: /* {"app": "dbt", "dbt_version": "1.11.11", "profile_name": "nusacode_de", "target_name": "dev", "connection_name": "master"} */
select distinct
        dependent_namespace.nspname as dependent_schema,
        dependent_class.relname as dependent_name,
        referenced_namespace.nspname as referenced_schema,
        referenced_class.relname as referenced_name

    -- Query for views: views are entries in pg_class with an entry in pg_rewrite, but we avoid
    -- a seq scan on pg_rewrite by leveraging the fact there is an "internal" row in pg_depend for
    -- the view...
    from pg_class as dependent_class
    join pg_namespace as dependent_namespace on dependent_namespace.oid = dependent_class.relnamespace
    join pg_depend as dependent_depend on dependent_depend.refobjid = dependent_class.oid
        and dependent_depend.classid = 'pg_rewrite'::regclass
        and dependent_depend.refclassid = 'pg_class'::regclass
        and dependent_depend.deptype = 'i'

    -- ... and via pg_depend (that has a row per column, hence the need for "distinct" above, and
    -- making sure to exclude the internal row to avoid a view appearing to depend on itself)...
    join pg_depend as joining_depend on joining_depend.objid = dependent_depend.objid
        and joining_depend.classid = 'pg_rewrite'::regclass
        and joining_depend.refclassid = 'pg_class'::regclass
        and joining_depend.refobjid != dependent_depend.refobjid

    -- ... we can find the tables they query from in pg_class, but excluding system tables. Note we
    -- don't need need to exclude _dependent_ system tables, because they only query from other
    -- system tables, and so are automatically excluded by excluding _referenced_ system tables
    join pg_class as referenced_class on referenced_class.oid = joining_depend.refobjid
    join pg_namespace as referenced_namespace on referenced_namespace.oid = referenced_class.relnamespace
        and referenced_namespace.nspname != 'information_schema'
        and referenced_namespace.nspname not like 'pg\_%'

    order by
        dependent_schema, dependent_name, referenced_schema, referenced_name;
[0m15:43:08.838276 [debug] [MainThread]: Opening a new connection, currently in state init
[0m15:43:08.866376 [debug] [MainThread]: SQL status: SELECT 1 in 0.028 seconds
[0m15:43:08.870634 [debug] [MainThread]: Sending event: {'category': 'dbt', 'action': 'runnable_timing', 'label': 'f0f03b42-f91a-41d0-9a88-4d3d15a0bd81', 'context': [<snowplow_tracker.self_describing_json.SelfDescribingJson object at 0x7d4a6db4eb40>]}
[0m15:43:08.872349 [debug] [MainThread]: On master: ROLLBACK
[0m15:43:08.874278 [debug] [MainThread]: On master: COMMIT
[0m15:43:08.875623 [debug] [MainThread]: Using postgres connection "master"
[0m15:43:08.876780 [debug] [MainThread]: On master: COMMIT
[0m15:43:08.878641 [debug] [MainThread]: SQL status: COMMIT in 0.001 seconds
[0m15:43:08.879893 [debug] [MainThread]: On master: Close
[0m15:43:08.887173 [debug] [Thread-1 (]: Began running node model.nusacode_de.stg_customers
[0m15:43:08.888571 [info ] [Thread-1 (]: 1 of 1 START sql view model public_dbt_nusacode.stg_customers .................. [RUN]
[0m15:43:08.889627 [debug] [Thread-1 (]: Re-using an available connection from the pool (formerly list_dw_nusacode_public_dbt_marts, now model.nusacode_de.stg_customers)
[0m15:43:08.890453 [debug] [Thread-1 (]: Began compiling node model.nusacode_de.stg_customers
[0m15:43:08.905950 [debug] [Thread-1 (]: Writing injected SQL for node "model.nusacode_de.stg_customers"
[0m15:43:08.907751 [debug] [Thread-1 (]: Began executing node model.nusacode_de.stg_customers
[0m15:43:08.983180 [debug] [Thread-1 (]: Writing runtime sql for node "model.nusacode_de.stg_customers"
[0m15:43:08.984806 [debug] [Thread-1 (]: Using postgres connection "model.nusacode_de.stg_customers"
[0m15:43:08.985639 [debug] [Thread-1 (]: On model.nusacode_de.stg_customers: /* {"app": "dbt", "dbt_version": "1.11.11", "profile_name": "nusacode_de", "target_name": "dev", "node_id": "model.nusacode_de.stg_customers"} */

  create view "dw_nusacode"."public_dbt_nusacode"."stg_customers__dbt_tmp"
    
    
  as (
    -- ============================================================================
-- Staging Model: stg_customers
-- Deskripsi    : Membersihkan dan menstandarisasi data pelanggan dari
--                raw_schema.dim_customer.
-- ============================================================================

WITH source AS (
    SELECT * FROM "dw_nusacode"."public"."dim_customer"
),

cleaned AS (
    SELECT
        customer_id,
        customer_unique_id,
        customer_zip_code_prefix,
        -- Trim whitespace dan standarisasi format kota
        TRIM(INITCAP(customer_city)) AS customer_city,
        -- Standarisasi state ke uppercase
        UPPER(TRIM(customer_state)) AS customer_state
    FROM source
)

SELECT * FROM cleaned
  );
[0m15:43:08.986416 [debug] [Thread-1 (]: Opening a new connection, currently in state closed
[0m15:43:09.013209 [debug] [Thread-1 (]: SQL status: CREATE VIEW in 0.027 seconds
[0m15:43:09.025296 [debug] [Thread-1 (]: Using postgres connection "model.nusacode_de.stg_customers"
[0m15:43:09.026321 [debug] [Thread-1 (]: On model.nusacode_de.stg_customers: /* {"app": "dbt", "dbt_version": "1.11.11", "profile_name": "nusacode_de", "target_name": "dev", "node_id": "model.nusacode_de.stg_customers"} */
alter table "dw_nusacode"."public_dbt_nusacode"."stg_customers__dbt_tmp" rename to "stg_customers"
[0m15:43:09.029452 [debug] [Thread-1 (]: SQL status: ALTER TABLE in 0.002 seconds
[0m15:43:09.061064 [debug] [Thread-1 (]: On model.nusacode_de.stg_customers: COMMIT
[0m15:43:09.062104 [debug] [Thread-1 (]: Using postgres connection "model.nusacode_de.stg_customers"
[0m15:43:09.062832 [debug] [Thread-1 (]: On model.nusacode_de.stg_customers: COMMIT
[0m15:43:09.066262 [debug] [Thread-1 (]: SQL status: COMMIT in 0.003 seconds
[0m15:43:09.078388 [debug] [Thread-1 (]: Applying DROP to: "dw_nusacode"."public_dbt_nusacode"."stg_customers__dbt_backup"
[0m15:43:09.089588 [debug] [Thread-1 (]: Using postgres connection "model.nusacode_de.stg_customers"
[0m15:43:09.090589 [debug] [Thread-1 (]: On model.nusacode_de.stg_customers: /* {"app": "dbt", "dbt_version": "1.11.11", "profile_name": "nusacode_de", "target_name": "dev", "node_id": "model.nusacode_de.stg_customers"} */
drop view if exists "dw_nusacode"."public_dbt_nusacode"."stg_customers__dbt_backup" cascade
[0m15:43:09.092408 [debug] [Thread-1 (]: SQL status: DROP VIEW in 0.001 seconds
[0m15:43:09.097419 [debug] [Thread-1 (]: On model.nusacode_de.stg_customers: Close
[0m15:43:09.101559 [debug] [Thread-1 (]: Sending event: {'category': 'dbt', 'action': 'run_model', 'label': 'f0f03b42-f91a-41d0-9a88-4d3d15a0bd81', 'context': [<snowplow_tracker.self_describing_json.SelfDescribingJson object at 0x7d4a72b0e930>]}
[0m15:43:09.103551 [info ] [Thread-1 (]: 1 of 1 OK created sql view model public_dbt_nusacode.stg_customers ............. [[32mCREATE VIEW[0m in 0.21s]
[0m15:43:09.104990 [debug] [Thread-1 (]: Finished running node model.nusacode_de.stg_customers
[0m15:43:09.108238 [debug] [MainThread]: On master: COMMIT
[0m15:43:09.109226 [debug] [MainThread]: Using postgres connection "master"
[0m15:43:09.109885 [debug] [MainThread]: On master: COMMIT
[0m15:43:09.110537 [debug] [MainThread]: Opening a new connection, currently in state closed
[0m15:43:09.131402 [debug] [MainThread]: SQL status: COMMIT in 0.021 seconds
[0m15:43:09.132745 [debug] [MainThread]: On master: Close
[0m15:43:09.134239 [debug] [MainThread]: Connection 'master' was properly closed.
[0m15:43:09.135388 [debug] [MainThread]: Connection 'list_dw_nusacode_public_dbt_intermediate' was properly closed.
[0m15:43:09.136373 [debug] [MainThread]: Connection 'list_dw_nusacode_public_dbt_nusacode' was properly closed.
[0m15:43:09.137429 [debug] [MainThread]: Connection 'model.nusacode_de.stg_customers' was properly closed.
[0m15:43:09.138895 [info ] [MainThread]: 
[0m15:43:09.140964 [info ] [MainThread]: Finished running 1 view model in 0 hours 0 minutes and 0.58 seconds (0.58s).
[0m15:43:09.144304 [debug] [MainThread]: Command end result
[0m15:43:09.227766 [debug] [MainThread]: Wrote artifact WritableManifest to /home/ffkhr/Documents/nusacode-de-beginner/pertemuan-05-06-dbt/target/manifest.json
[0m15:43:09.231898 [debug] [MainThread]: Wrote artifact SemanticManifest to /home/ffkhr/Documents/nusacode-de-beginner/pertemuan-05-06-dbt/target/semantic_manifest.json
[0m15:43:09.243158 [debug] [MainThread]: Wrote artifact RunExecutionResult to /home/ffkhr/Documents/nusacode-de-beginner/pertemuan-05-06-dbt/target/run_results.json
[0m15:43:09.244099 [info ] [MainThread]: 
[0m15:43:09.244978 [info ] [MainThread]: [32mCompleted successfully[0m
[0m15:43:09.245738 [info ] [MainThread]: 
[0m15:43:09.246515 [info ] [MainThread]: Done. PASS=1 WARN=0 ERROR=0 SKIP=0 NO-OP=0 TOTAL=1
[0m15:43:09.248666 [debug] [MainThread]: Resource report: {"command_name": "run", "command_success": true, "command_wall_clock_time": 4.6893067, "process_in_blocks": "0", "process_kernel_time": 0.616104, "process_mem_max_rss": "152436", "process_out_blocks": "3784", "process_user_time": 9.474849}
[0m15:43:09.249905 [debug] [MainThread]: Command `dbt run` succeeded at 15:43:09.249697 after 4.69 seconds
[0m15:43:09.251046 [debug] [MainThread]: Sending event: {'category': 'dbt', 'action': 'invocation', 'label': 'end', 'context': [<snowplow_tracker.self_describing_json.SelfDescribingJson object at 0x7d4a70c417c0>, <snowplow_tracker.self_describing_json.SelfDescribingJson object at 0x7d4a6f3702c0>, <snowplow_tracker.self_describing_json.SelfDescribingJson object at 0x7d4a6f370b60>]}
[0m15:43:09.252187 [debug] [MainThread]: Flushing usage events
[0m15:43:10.777570 [debug] [MainThread]: An error was encountered while trying to flush usage events
[0m15:46:41.496624 [debug] [MainThread]: Sending event: {'category': 'dbt', 'action': 'invocation', 'label': 'start', 'context': [<snowplow_tracker.self_describing_json.SelfDescribingJson object at 0x720f72a57d10>, <snowplow_tracker.self_describing_json.SelfDescribingJson object at 0x720f73fcc800>, <snowplow_tracker.self_describing_json.SelfDescribingJson object at 0x720f72a57620>]}


============================== 15:46:41.502496 | 2addde18-14aa-4b52-9902-9efb56dc9f16 ==============================
[0m15:46:41.502496 [info ] [MainThread]: Running with dbt=1.11.11
[0m15:46:41.503670 [debug] [MainThread]: running dbt with arguments {'no_print': 'None', 'profiles_dir': '/home/ffkhr/Documents/nusacode-de-beginner/pertemuan-05-06-dbt', 'write_json': 'True', 'quiet': 'False', 'printer_width': '80', 'use_experimental_parser': 'False', 'cache_selected_only': 'False', 'use_colors': 'True', 'partial_parse': 'True', 'warn_error': 'None', 'invocation_command': 'dbt run --select stg_customers', 'indirect_selection': 'eager', 'version_check': 'True', 'target_path': 'None', 'log_format': 'default', 'debug': 'False', 'log_cache_events': 'False', 'warn_error_options': 'WarnErrorOptionsV2(error=[], warn=[], silence=[])', 'send_anonymous_usage_stats': 'True', 'empty': 'False', 'fail_fast': 'False', 'static_parser': 'True', 'log_path': '/home/ffkhr/Documents/nusacode-de-beginner/pertemuan-05-06-dbt/logs', 'introspect': 'True'}
[0m15:46:41.822151 [debug] [MainThread]: Sending event: {'category': 'dbt', 'action': 'project_id', 'label': '2addde18-14aa-4b52-9902-9efb56dc9f16', 'context': [<snowplow_tracker.self_describing_json.SelfDescribingJson object at 0x720f717a1fd0>]}
[0m15:46:41.947901 [debug] [MainThread]: Sending event: {'category': 'dbt', 'action': 'adapter_info', 'label': '2addde18-14aa-4b52-9902-9efb56dc9f16', 'context': [<snowplow_tracker.self_describing_json.SelfDescribingJson object at 0x720f71756e10>]}
[0m15:46:41.949718 [info ] [MainThread]: Registered adapter: postgres=1.10.1
[0m15:46:42.099485 [debug] [MainThread]: checksum: 30a8cc8fdcbf66701b0944d4ccce3fa46dd04b61e5df68b9f16d57b2e0e3f0be, vars: {}, profile: , target: , version: 1.11.11
[0m15:46:42.309860 [info ] [MainThread]: Unable to do partial parsing because a project config has changed
[0m15:46:42.310920 [debug] [MainThread]: Sending event: {'category': 'dbt', 'action': 'partial_parser', 'label': '2addde18-14aa-4b52-9902-9efb56dc9f16', 'context': [<snowplow_tracker.self_describing_json.SelfDescribingJson object at 0x720f72a570b0>]}
[0m15:46:45.023768 [debug] [MainThread]: Sending event: {'category': 'dbt', 'action': 'load_project', 'label': '2addde18-14aa-4b52-9902-9efb56dc9f16', 'context': [<snowplow_tracker.self_describing_json.SelfDescribingJson object at 0x720f6fbe9f70>]}
[0m15:46:45.219606 [debug] [MainThread]: Wrote artifact WritableManifest to /home/ffkhr/Documents/nusacode-de-beginner/pertemuan-05-06-dbt/target/manifest.json
[0m15:46:45.223481 [debug] [MainThread]: Wrote artifact SemanticManifest to /home/ffkhr/Documents/nusacode-de-beginner/pertemuan-05-06-dbt/target/semantic_manifest.json
[0m15:46:45.245001 [debug] [MainThread]: Sending event: {'category': 'dbt', 'action': 'resource_counts', 'label': '2addde18-14aa-4b52-9902-9efb56dc9f16', 'context': [<snowplow_tracker.self_describing_json.SelfDescribingJson object at 0x720f6e5359d0>]}
[0m15:46:45.246166 [info ] [MainThread]: Found 13 models, 33 data tests, 8 sources, 475 macros
[0m15:46:45.246952 [debug] [MainThread]: Sending event: {'category': 'dbt', 'action': 'runnable_timing', 'label': '2addde18-14aa-4b52-9902-9efb56dc9f16', 'context': [<snowplow_tracker.self_describing_json.SelfDescribingJson object at 0x720f70391250>]}
[0m15:46:45.251383 [info ] [MainThread]: 
[0m15:46:45.252441 [info ] [MainThread]: Concurrency: 4 threads (target='dev')
[0m15:46:45.253504 [info ] [MainThread]: 
[0m15:46:45.255139 [debug] [MainThread]: Acquiring new postgres connection 'master'
[0m15:46:45.258045 [debug] [ThreadPool]: Acquiring new postgres connection 'list_dw_nusacode'
[0m15:46:45.341365 [debug] [ThreadPool]: Using postgres connection "list_dw_nusacode"
[0m15:46:45.342522 [debug] [ThreadPool]: On list_dw_nusacode: /* {"app": "dbt", "dbt_version": "1.11.11", "profile_name": "nusacode_de", "target_name": "dev", "connection_name": "list_dw_nusacode"} */

    select distinct nspname from pg_namespace
  
[0m15:46:45.343327 [debug] [ThreadPool]: Opening a new connection, currently in state init
[0m15:46:45.364512 [debug] [ThreadPool]: SQL status: SELECT 5 in 0.021 seconds
[0m15:46:45.367591 [debug] [ThreadPool]: On list_dw_nusacode: Close
[0m15:46:45.377380 [debug] [ThreadPool]: Re-using an available connection from the pool (formerly list_dw_nusacode, now list_dw_nusacode_public)
[0m15:46:45.389160 [debug] [ThreadPool]: Using postgres connection "list_dw_nusacode_public"
[0m15:46:45.390170 [debug] [ThreadPool]: On list_dw_nusacode_public: /* {"app": "dbt", "dbt_version": "1.11.11", "profile_name": "nusacode_de", "target_name": "dev", "connection_name": "list_dw_nusacode_public"} */
select
      'dw_nusacode' as database,
      tablename as name,
      schemaname as schema,
      'table' as type
    from pg_tables
    where schemaname ilike 'public'
    union all
    select
      'dw_nusacode' as database,
      viewname as name,
      schemaname as schema,
      'view' as type
    from pg_views
    where schemaname ilike 'public'
    union all
    select
      'dw_nusacode' as database,
      matviewname as name,
      schemaname as schema,
      'materialized_view' as type
    from pg_matviews
    where schemaname ilike 'public'
  
[0m15:46:45.390934 [debug] [ThreadPool]: Opening a new connection, currently in state closed
[0m15:46:45.418455 [debug] [ThreadPool]: SQL status: SELECT 9 in 0.027 seconds
[0m15:46:45.421685 [debug] [ThreadPool]: On list_dw_nusacode_public: ROLLBACK
[0m15:46:45.423025 [debug] [ThreadPool]: On list_dw_nusacode_public: Close
[0m15:46:45.436426 [debug] [MainThread]: Using postgres connection "master"
[0m15:46:45.437501 [debug] [MainThread]: On master: /* {"app": "dbt", "dbt_version": "1.11.11", "profile_name": "nusacode_de", "target_name": "dev", "connection_name": "master"} */
select distinct
        dependent_namespace.nspname as dependent_schema,
        dependent_class.relname as dependent_name,
        referenced_namespace.nspname as referenced_schema,
        referenced_class.relname as referenced_name

    -- Query for views: views are entries in pg_class with an entry in pg_rewrite, but we avoid
    -- a seq scan on pg_rewrite by leveraging the fact there is an "internal" row in pg_depend for
    -- the view...
    from pg_class as dependent_class
    join pg_namespace as dependent_namespace on dependent_namespace.oid = dependent_class.relnamespace
    join pg_depend as dependent_depend on dependent_depend.refobjid = dependent_class.oid
        and dependent_depend.classid = 'pg_rewrite'::regclass
        and dependent_depend.refclassid = 'pg_class'::regclass
        and dependent_depend.deptype = 'i'

    -- ... and via pg_depend (that has a row per column, hence the need for "distinct" above, and
    -- making sure to exclude the internal row to avoid a view appearing to depend on itself)...
    join pg_depend as joining_depend on joining_depend.objid = dependent_depend.objid
        and joining_depend.classid = 'pg_rewrite'::regclass
        and joining_depend.refclassid = 'pg_class'::regclass
        and joining_depend.refobjid != dependent_depend.refobjid

    -- ... we can find the tables they query from in pg_class, but excluding system tables. Note we
    -- don't need need to exclude _dependent_ system tables, because they only query from other
    -- system tables, and so are automatically excluded by excluding _referenced_ system tables
    join pg_class as referenced_class on referenced_class.oid = joining_depend.refobjid
    join pg_namespace as referenced_namespace on referenced_namespace.oid = referenced_class.relnamespace
        and referenced_namespace.nspname != 'information_schema'
        and referenced_namespace.nspname not like 'pg\_%'

    order by
        dependent_schema, dependent_name, referenced_schema, referenced_name;
[0m15:46:45.438237 [debug] [MainThread]: Opening a new connection, currently in state init
[0m15:46:45.466304 [debug] [MainThread]: SQL status: SELECT 1 in 0.028 seconds
[0m15:46:45.469948 [debug] [MainThread]: Sending event: {'category': 'dbt', 'action': 'runnable_timing', 'label': '2addde18-14aa-4b52-9902-9efb56dc9f16', 'context': [<snowplow_tracker.self_describing_json.SelfDescribingJson object at 0x720f6ff57b30>]}
[0m15:46:45.471025 [debug] [MainThread]: On master: ROLLBACK
[0m15:46:45.472349 [debug] [MainThread]: On master: COMMIT
[0m15:46:45.473079 [debug] [MainThread]: Using postgres connection "master"
[0m15:46:45.473746 [debug] [MainThread]: On master: COMMIT
[0m15:46:45.474953 [debug] [MainThread]: SQL status: COMMIT in 0.001 seconds
[0m15:46:45.475712 [debug] [MainThread]: On master: Close
[0m15:46:45.485607 [debug] [Thread-1 (]: Began running node model.nusacode_de.stg_customers
[0m15:46:45.486928 [info ] [Thread-1 (]: 1 of 1 START sql view model public.stg_customers ............................... [RUN]
[0m15:46:45.487989 [debug] [Thread-1 (]: Re-using an available connection from the pool (formerly list_dw_nusacode_public, now model.nusacode_de.stg_customers)
[0m15:46:45.488873 [debug] [Thread-1 (]: Began compiling node model.nusacode_de.stg_customers
[0m15:46:45.504064 [debug] [Thread-1 (]: Writing injected SQL for node "model.nusacode_de.stg_customers"
[0m15:46:45.505847 [debug] [Thread-1 (]: Began executing node model.nusacode_de.stg_customers
[0m15:46:45.582259 [debug] [Thread-1 (]: Writing runtime sql for node "model.nusacode_de.stg_customers"
[0m15:46:45.584006 [debug] [Thread-1 (]: Using postgres connection "model.nusacode_de.stg_customers"
[0m15:46:45.584998 [debug] [Thread-1 (]: On model.nusacode_de.stg_customers: /* {"app": "dbt", "dbt_version": "1.11.11", "profile_name": "nusacode_de", "target_name": "dev", "node_id": "model.nusacode_de.stg_customers"} */

  create view "dw_nusacode"."public"."stg_customers__dbt_tmp"
    
    
  as (
    -- ============================================================================
-- Staging Model: stg_customers
-- Deskripsi    : Membersihkan dan menstandarisasi data pelanggan dari
--                raw_schema.dim_customer.
-- ============================================================================

WITH source AS (
    SELECT * FROM "dw_nusacode"."public"."dim_customer"
),

cleaned AS (
    SELECT
        customer_id,
        customer_unique_id,
        customer_zip_code_prefix,
        -- Trim whitespace dan standarisasi format kota
        TRIM(INITCAP(customer_city)) AS customer_city,
        -- Standarisasi state ke uppercase
        UPPER(TRIM(customer_state)) AS customer_state
    FROM source
)

SELECT * FROM cleaned
  );
[0m15:46:45.585922 [debug] [Thread-1 (]: Opening a new connection, currently in state closed
[0m15:46:45.613598 [debug] [Thread-1 (]: SQL status: CREATE VIEW in 0.027 seconds
[0m15:46:45.625529 [debug] [Thread-1 (]: Using postgres connection "model.nusacode_de.stg_customers"
[0m15:46:45.626517 [debug] [Thread-1 (]: On model.nusacode_de.stg_customers: /* {"app": "dbt", "dbt_version": "1.11.11", "profile_name": "nusacode_de", "target_name": "dev", "node_id": "model.nusacode_de.stg_customers"} */
alter table "dw_nusacode"."public"."stg_customers__dbt_tmp" rename to "stg_customers"
[0m15:46:45.629543 [debug] [Thread-1 (]: SQL status: ALTER TABLE in 0.002 seconds
[0m15:46:45.662586 [debug] [Thread-1 (]: On model.nusacode_de.stg_customers: COMMIT
[0m15:46:45.663645 [debug] [Thread-1 (]: Using postgres connection "model.nusacode_de.stg_customers"
[0m15:46:45.664342 [debug] [Thread-1 (]: On model.nusacode_de.stg_customers: COMMIT
[0m15:46:45.666675 [debug] [Thread-1 (]: SQL status: COMMIT in 0.002 seconds
[0m15:46:45.678565 [debug] [Thread-1 (]: Applying DROP to: "dw_nusacode"."public"."stg_customers__dbt_backup"
[0m15:46:45.688962 [debug] [Thread-1 (]: Using postgres connection "model.nusacode_de.stg_customers"
[0m15:46:45.689973 [debug] [Thread-1 (]: On model.nusacode_de.stg_customers: /* {"app": "dbt", "dbt_version": "1.11.11", "profile_name": "nusacode_de", "target_name": "dev", "node_id": "model.nusacode_de.stg_customers"} */
drop view if exists "dw_nusacode"."public"."stg_customers__dbt_backup" cascade
[0m15:46:45.691835 [debug] [Thread-1 (]: SQL status: DROP VIEW in 0.001 seconds
[0m15:46:45.696585 [debug] [Thread-1 (]: On model.nusacode_de.stg_customers: Close
[0m15:46:45.700209 [debug] [Thread-1 (]: Sending event: {'category': 'dbt', 'action': 'run_model', 'label': '2addde18-14aa-4b52-9902-9efb56dc9f16', 'context': [<snowplow_tracker.self_describing_json.SelfDescribingJson object at 0x720f74f0da30>]}
[0m15:46:45.701810 [info ] [Thread-1 (]: 1 of 1 OK created sql view model public.stg_customers .......................... [[32mCREATE VIEW[0m in 0.21s]
[0m15:46:45.703199 [debug] [Thread-1 (]: Finished running node model.nusacode_de.stg_customers
[0m15:46:45.707107 [debug] [MainThread]: On master: COMMIT
[0m15:46:45.708862 [debug] [MainThread]: Using postgres connection "master"
[0m15:46:45.710588 [debug] [MainThread]: On master: COMMIT
[0m15:46:45.712155 [debug] [MainThread]: Opening a new connection, currently in state closed
[0m15:46:45.739457 [debug] [MainThread]: SQL status: COMMIT in 0.027 seconds
[0m15:46:45.741120 [debug] [MainThread]: On master: Close
[0m15:46:45.743008 [debug] [MainThread]: Connection 'master' was properly closed.
[0m15:46:45.744487 [debug] [MainThread]: Connection 'model.nusacode_de.stg_customers' was properly closed.
[0m15:46:45.745738 [info ] [MainThread]: 
[0m15:46:45.746990 [info ] [MainThread]: Finished running 1 view model in 0 hours 0 minutes and 0.49 seconds (0.49s).
[0m15:46:45.749494 [debug] [MainThread]: Command end result
[0m15:46:45.833217 [debug] [MainThread]: Wrote artifact WritableManifest to /home/ffkhr/Documents/nusacode-de-beginner/pertemuan-05-06-dbt/target/manifest.json
[0m15:46:45.837812 [debug] [MainThread]: Wrote artifact SemanticManifest to /home/ffkhr/Documents/nusacode-de-beginner/pertemuan-05-06-dbt/target/semantic_manifest.json
[0m15:46:45.848787 [debug] [MainThread]: Wrote artifact RunExecutionResult to /home/ffkhr/Documents/nusacode-de-beginner/pertemuan-05-06-dbt/target/run_results.json
[0m15:46:45.849702 [info ] [MainThread]: 
[0m15:46:45.850606 [info ] [MainThread]: [32mCompleted successfully[0m
[0m15:46:45.851407 [info ] [MainThread]: 
[0m15:46:45.852218 [info ] [MainThread]: Done. PASS=1 WARN=0 ERROR=0 SKIP=0 NO-OP=0 TOTAL=1
[0m15:46:45.854362 [debug] [MainThread]: Resource report: {"command_name": "run", "command_success": true, "command_wall_clock_time": 4.469771, "process_in_blocks": "0", "process_kernel_time": 0.586556, "process_mem_max_rss": "151996", "process_out_blocks": "3760", "process_user_time": 9.100602}
[0m15:46:45.855629 [debug] [MainThread]: Command `dbt run` succeeded at 15:46:45.855408 after 4.47 seconds
[0m15:46:45.856475 [debug] [MainThread]: Sending event: {'category': 'dbt', 'action': 'invocation', 'label': 'end', 'context': [<snowplow_tracker.self_describing_json.SelfDescribingJson object at 0x720f7315aa80>, <snowplow_tracker.self_describing_json.SelfDescribingJson object at 0x720f7315ae10>, <snowplow_tracker.self_describing_json.SelfDescribingJson object at 0x720f720ea8a0>]}
[0m15:46:45.857427 [debug] [MainThread]: Flushing usage events
[0m15:46:52.538678 [debug] [MainThread]: An error was encountered while trying to flush usage events
